-- phpMyAdmin SQL Dump
-- version 5.2.1
-- https://www.phpmyadmin.net/
--
-- Servidor: 127.0.0.1:3306
-- Tiempo de generación: 05-02-2026 a las 14:03:41
-- Versión del servidor: 9.1.0
-- Versión de PHP: 8.3.14

SET SQL_MODE = "NO_AUTO_VALUE_ON_ZERO";
START TRANSACTION;
SET time_zone = "+00:00";


/*!40101 SET @OLD_CHARACTER_SET_CLIENT=@@CHARACTER_SET_CLIENT */;
/*!40101 SET @OLD_CHARACTER_SET_RESULTS=@@CHARACTER_SET_RESULTS */;
/*!40101 SET @OLD_COLLATION_CONNECTION=@@COLLATION_CONNECTION */;
/*!40101 SET NAMES utf8mb4 */;

--
-- Base de datos: `trt_25`
--

-- --------------------------------------------------------

--
-- Estructura de tabla para la tabla `asientos`
--

DROP TABLE IF EXISTS `asientos`;
CREATE TABLE IF NOT EXISTS `asientos` (
  `id_asiento` int NOT NULL AUTO_INCREMENT,
  `fila` varchar(3) COLLATE utf8mb4_general_ci NOT NULL COMMENT 'Fila (A-P, PB)',
  `numero` int NOT NULL COMMENT 'Número de butaca en la fila',
  `codigo_asiento` varchar(6) COLLATE utf8mb4_general_ci NOT NULL COMMENT 'Identificador (ej: A1, PB120)',
  PRIMARY KEY (`id_asiento`),
  UNIQUE KEY `idx_codigo_asiento` (`codigo_asiento`),
  KEY `idx_fila_numero` (`fila`,`numero`)
) ENGINE=InnoDB AUTO_INCREMENT=541 DEFAULT CHARSET=utf8mb4 COLLATE=utf8mb4_general_ci;

--
-- Volcado de datos para la tabla `asientos`
--

INSERT INTO `asientos` (`id_asiento`, `fila`, `numero`, `codigo_asiento`) VALUES
(1, 'A', 1, 'A1'),
(2, 'A', 2, 'A2'),
(3, 'A', 3, 'A3'),
(4, 'A', 4, 'A4'),
(5, 'A', 5, 'A5'),
(6, 'A', 6, 'A6'),
(7, 'A', 7, 'A7'),
(8, 'A', 8, 'A8'),
(9, 'A', 9, 'A9'),
(10, 'A', 10, 'A10'),
(11, 'A', 11, 'A11'),
(12, 'A', 12, 'A12'),
(13, 'A', 13, 'A13'),
(14, 'A', 14, 'A14'),
(15, 'A', 15, 'A15'),
(16, 'A', 16, 'A16'),
(17, 'A', 17, 'A17'),
(18, 'A', 18, 'A18'),
(19, 'A', 19, 'A19'),
(20, 'A', 20, 'A20'),
(21, 'A', 21, 'A21'),
(22, 'A', 22, 'A22'),
(23, 'A', 23, 'A23'),
(24, 'A', 24, 'A24'),
(25, 'A', 25, 'A25'),
(26, 'A', 26, 'A26'),
(27, 'B', 1, 'B1'),
(28, 'B', 2, 'B2'),
(29, 'B', 3, 'B3'),
(30, 'B', 4, 'B4'),
(31, 'B', 5, 'B5'),
(32, 'B', 6, 'B6'),
(33, 'B', 7, 'B7'),
(34, 'B', 8, 'B8'),
(35, 'B', 9, 'B9'),
(36, 'B', 10, 'B10'),
(37, 'B', 11, 'B11'),
(38, 'B', 12, 'B12'),
(39, 'B', 13, 'B13'),
(40, 'B', 14, 'B14'),
(41, 'B', 15, 'B15'),
(42, 'B', 16, 'B16'),
(43, 'B', 17, 'B17'),
(44, 'B', 18, 'B18'),
(45, 'B', 19, 'B19'),
(46, 'B', 20, 'B20'),
(47, 'B', 21, 'B21'),
(48, 'B', 22, 'B22'),
(49, 'B', 23, 'B23'),
(50, 'B', 24, 'B24'),
(51, 'B', 25, 'B25'),
(52, 'B', 26, 'B26'),
(53, 'C', 1, 'C1'),
(54, 'C', 2, 'C2'),
(55, 'C', 3, 'C3'),
(56, 'C', 4, 'C4'),
(57, 'C', 5, 'C5'),
(58, 'C', 6, 'C6'),
(59, 'C', 7, 'C7'),
(60, 'C', 8, 'C8'),
(61, 'C', 9, 'C9'),
(62, 'C', 10, 'C10'),
(63, 'C', 11, 'C11'),
(64, 'C', 12, 'C12'),
(65, 'C', 13, 'C13'),
(66, 'C', 14, 'C14'),
(67, 'C', 15, 'C15'),
(68, 'C', 16, 'C16'),
(69, 'C', 17, 'C17'),
(70, 'C', 18, 'C18'),
(71, 'C', 19, 'C19'),
(72, 'C', 20, 'C20'),
(73, 'C', 21, 'C21'),
(74, 'C', 22, 'C22'),
(75, 'C', 23, 'C23'),
(76, 'C', 24, 'C24'),
(77, 'C', 25, 'C25'),
(78, 'C', 26, 'C26'),
(79, 'D', 1, 'D1'),
(80, 'D', 2, 'D2'),
(81, 'D', 3, 'D3'),
(82, 'D', 4, 'D4'),
(83, 'D', 5, 'D5'),
(84, 'D', 6, 'D6'),
(85, 'D', 7, 'D7'),
(86, 'D', 8, 'D8'),
(87, 'D', 9, 'D9'),
(88, 'D', 10, 'D10'),
(89, 'D', 11, 'D11'),
(90, 'D', 12, 'D12'),
(91, 'D', 13, 'D13'),
(92, 'D', 14, 'D14'),
(93, 'D', 15, 'D15'),
(94, 'D', 16, 'D16'),
(95, 'D', 17, 'D17'),
(96, 'D', 18, 'D18'),
(97, 'D', 19, 'D19'),
(98, 'D', 20, 'D20'),
(99, 'D', 21, 'D21'),
(100, 'D', 22, 'D22'),
(101, 'D', 23, 'D23'),
(102, 'D', 24, 'D24'),
(103, 'D', 25, 'D25'),
(104, 'D', 26, 'D26'),
(105, 'E', 1, 'E1'),
(106, 'E', 2, 'E2'),
(107, 'E', 3, 'E3'),
(108, 'E', 4, 'E4'),
(109, 'E', 5, 'E5'),
(110, 'E', 6, 'E6'),
(111, 'E', 7, 'E7'),
(112, 'E', 8, 'E8'),
(113, 'E', 9, 'E9'),
(114, 'E', 10, 'E10'),
(115, 'E', 11, 'E11'),
(116, 'E', 12, 'E12'),
(117, 'E', 13, 'E13'),
(118, 'E', 14, 'E14'),
(119, 'E', 15, 'E15'),
(120, 'E', 16, 'E16'),
(121, 'E', 17, 'E17'),
(122, 'E', 18, 'E18'),
(123, 'E', 19, 'E19'),
(124, 'E', 20, 'E20'),
(125, 'E', 21, 'E21'),
(126, 'E', 22, 'E22'),
(127, 'E', 23, 'E23'),
(128, 'E', 24, 'E24'),
(129, 'E', 25, 'E25'),
(130, 'E', 26, 'E26'),
(131, 'F', 1, 'F1'),
(132, 'F', 2, 'F2'),
(133, 'F', 3, 'F3'),
(134, 'F', 4, 'F4'),
(135, 'F', 5, 'F5'),
(136, 'F', 6, 'F6'),
(137, 'F', 7, 'F7'),
(138, 'F', 8, 'F8'),
(139, 'F', 9, 'F9'),
(140, 'F', 10, 'F10'),
(141, 'F', 11, 'F11'),
(142, 'F', 12, 'F12'),
(143, 'F', 13, 'F13'),
(144, 'F', 14, 'F14'),
(145, 'F', 15, 'F15'),
(146, 'F', 16, 'F16'),
(147, 'F', 17, 'F17'),
(148, 'F', 18, 'F18'),
(149, 'F', 19, 'F19'),
(150, 'F', 20, 'F20'),
(151, 'F', 21, 'F21'),
(152, 'F', 22, 'F22'),
(153, 'F', 23, 'F23'),
(154, 'F', 24, 'F24'),
(155, 'F', 25, 'F25'),
(156, 'F', 26, 'F26'),
(157, 'G', 1, 'G1'),
(158, 'G', 2, 'G2'),
(159, 'G', 3, 'G3'),
(160, 'G', 4, 'G4'),
(161, 'G', 5, 'G5'),
(162, 'G', 6, 'G6'),
(163, 'G', 7, 'G7'),
(164, 'G', 8, 'G8'),
(165, 'G', 9, 'G9'),
(166, 'G', 10, 'G10'),
(167, 'G', 11, 'G11'),
(168, 'G', 12, 'G12'),
(169, 'G', 13, 'G13'),
(170, 'G', 14, 'G14'),
(171, 'G', 15, 'G15'),
(172, 'G', 16, 'G16'),
(173, 'G', 17, 'G17'),
(174, 'G', 18, 'G18'),
(175, 'G', 19, 'G19'),
(176, 'G', 20, 'G20'),
(177, 'G', 21, 'G21'),
(178, 'G', 22, 'G22'),
(179, 'G', 23, 'G23'),
(180, 'G', 24, 'G24'),
(181, 'G', 25, 'G25'),
(182, 'G', 26, 'G26'),
(183, 'H', 1, 'H1'),
(184, 'H', 2, 'H2'),
(185, 'H', 3, 'H3'),
(186, 'H', 4, 'H4'),
(187, 'H', 5, 'H5'),
(188, 'H', 6, 'H6'),
(189, 'H', 7, 'H7'),
(190, 'H', 8, 'H8'),
(191, 'H', 9, 'H9'),
(192, 'H', 10, 'H10'),
(193, 'H', 11, 'H11'),
(194, 'H', 12, 'H12'),
(195, 'H', 13, 'H13'),
(196, 'H', 14, 'H14'),
(197, 'H', 15, 'H15'),
(198, 'H', 16, 'H16'),
(199, 'H', 17, 'H17'),
(200, 'H', 18, 'H18'),
(201, 'H', 19, 'H19'),
(202, 'H', 20, 'H20'),
(203, 'H', 21, 'H21'),
(204, 'H', 22, 'H22'),
(205, 'H', 23, 'H23'),
(206, 'H', 24, 'H24'),
(207, 'H', 25, 'H25'),
(208, 'H', 26, 'H26'),
(209, 'I', 1, 'I1'),
(210, 'I', 2, 'I2'),
(211, 'I', 3, 'I3'),
(212, 'I', 4, 'I4'),
(213, 'I', 5, 'I5'),
(214, 'I', 6, 'I6'),
(215, 'I', 7, 'I7'),
(216, 'I', 8, 'I8'),
(217, 'I', 9, 'I9'),
(218, 'I', 10, 'I10'),
(219, 'I', 11, 'I11'),
(220, 'I', 12, 'I12'),
(221, 'I', 13, 'I13'),
(222, 'I', 14, 'I14'),
(223, 'I', 15, 'I15'),
(224, 'I', 16, 'I16'),
(225, 'I', 17, 'I17'),
(226, 'I', 18, 'I18'),
(227, 'I', 19, 'I19'),
(228, 'I', 20, 'I20'),
(229, 'I', 21, 'I21'),
(230, 'I', 22, 'I22'),
(231, 'I', 23, 'I23'),
(232, 'I', 24, 'I24'),
(233, 'I', 25, 'I25'),
(234, 'I', 26, 'I26'),
(235, 'J', 1, 'J1'),
(236, 'J', 2, 'J2'),
(237, 'J', 3, 'J3'),
(238, 'J', 4, 'J4'),
(239, 'J', 5, 'J5'),
(240, 'J', 6, 'J6'),
(241, 'J', 7, 'J7'),
(242, 'J', 8, 'J8'),
(243, 'J', 9, 'J9'),
(244, 'J', 10, 'J10'),
(245, 'J', 11, 'J11'),
(246, 'J', 12, 'J12'),
(247, 'J', 13, 'J13'),
(248, 'J', 14, 'J14'),
(249, 'J', 15, 'J15'),
(250, 'J', 16, 'J16'),
(251, 'J', 17, 'J17'),
(252, 'J', 18, 'J18'),
(253, 'J', 19, 'J19'),
(254, 'J', 20, 'J20'),
(255, 'J', 21, 'J21'),
(256, 'J', 22, 'J22'),
(257, 'J', 23, 'J23'),
(258, 'J', 24, 'J24'),
(259, 'J', 25, 'J25'),
(260, 'J', 26, 'J26'),
(261, 'K', 1, 'K1'),
(262, 'K', 2, 'K2'),
(263, 'K', 3, 'K3'),
(264, 'K', 4, 'K4'),
(265, 'K', 5, 'K5'),
(266, 'K', 6, 'K6'),
(267, 'K', 7, 'K7'),
(268, 'K', 8, 'K8'),
(269, 'K', 9, 'K9'),
(270, 'K', 10, 'K10'),
(271, 'K', 11, 'K11'),
(272, 'K', 12, 'K12'),
(273, 'K', 13, 'K13'),
(274, 'K', 14, 'K14'),
(275, 'K', 15, 'K15'),
(276, 'K', 16, 'K16'),
(277, 'K', 17, 'K17'),
(278, 'K', 18, 'K18'),
(279, 'K', 19, 'K19'),
(280, 'K', 20, 'K20'),
(281, 'K', 21, 'K21'),
(282, 'K', 22, 'K22'),
(283, 'K', 23, 'K23'),
(284, 'K', 24, 'K24'),
(285, 'K', 25, 'K25'),
(286, 'K', 26, 'K26'),
(287, 'L', 1, 'L1'),
(288, 'L', 2, 'L2'),
(289, 'L', 3, 'L3'),
(290, 'L', 4, 'L4'),
(291, 'L', 5, 'L5'),
(292, 'L', 6, 'L6'),
(293, 'L', 7, 'L7'),
(294, 'L', 8, 'L8'),
(295, 'L', 9, 'L9'),
(296, 'L', 10, 'L10'),
(297, 'L', 11, 'L11'),
(298, 'L', 12, 'L12'),
(299, 'L', 13, 'L13'),
(300, 'L', 14, 'L14'),
(301, 'L', 15, 'L15'),
(302, 'L', 16, 'L16'),
(303, 'L', 17, 'L17'),
(304, 'L', 18, 'L18'),
(305, 'L', 19, 'L19'),
(306, 'L', 20, 'L20'),
(307, 'L', 21, 'L21'),
(308, 'L', 22, 'L22'),
(309, 'L', 23, 'L23'),
(310, 'L', 24, 'L24'),
(311, 'L', 25, 'L25'),
(312, 'L', 26, 'L26'),
(313, 'M', 1, 'M1'),
(314, 'M', 2, 'M2'),
(315, 'M', 3, 'M3'),
(316, 'M', 4, 'M4'),
(317, 'M', 5, 'M5'),
(318, 'M', 6, 'M6'),
(319, 'M', 7, 'M7'),
(320, 'M', 8, 'M8'),
(321, 'M', 9, 'M9'),
(322, 'M', 10, 'M10'),
(323, 'M', 11, 'M11'),
(324, 'M', 12, 'M12'),
(325, 'M', 13, 'M13'),
(326, 'M', 14, 'M14'),
(327, 'M', 15, 'M15'),
(328, 'M', 16, 'M16'),
(329, 'M', 17, 'M17'),
(330, 'M', 18, 'M18'),
(331, 'M', 19, 'M19'),
(332, 'M', 20, 'M20'),
(333, 'M', 21, 'M21'),
(334, 'M', 22, 'M22'),
(335, 'M', 23, 'M23'),
(336, 'M', 24, 'M24'),
(337, 'M', 25, 'M25'),
(338, 'M', 26, 'M26'),
(339, 'N', 1, 'N1'),
(340, 'N', 2, 'N2'),
(341, 'N', 3, 'N3'),
(342, 'N', 4, 'N4'),
(343, 'N', 5, 'N5'),
(344, 'N', 6, 'N6'),
(345, 'N', 7, 'N7'),
(346, 'N', 8, 'N8'),
(347, 'N', 9, 'N9'),
(348, 'N', 10, 'N10'),
(349, 'N', 11, 'N11'),
(350, 'N', 12, 'N12'),
(351, 'N', 13, 'N13'),
(352, 'N', 14, 'N14'),
(353, 'N', 15, 'N15'),
(354, 'N', 16, 'N16'),
(355, 'N', 17, 'N17'),
(356, 'N', 18, 'N18'),
(357, 'N', 19, 'N19'),
(358, 'N', 20, 'N20'),
(359, 'N', 21, 'N21'),
(360, 'N', 22, 'N22'),
(361, 'N', 23, 'N23'),
(362, 'N', 24, 'N24'),
(363, 'N', 25, 'N25'),
(364, 'N', 26, 'N26'),
(365, 'O', 1, 'O1'),
(366, 'O', 2, 'O2'),
(367, 'O', 3, 'O3'),
(368, 'O', 4, 'O4'),
(369, 'O', 5, 'O5'),
(370, 'O', 6, 'O6'),
(371, 'O', 7, 'O7'),
(372, 'O', 8, 'O8'),
(373, 'O', 9, 'O9'),
(374, 'O', 10, 'O10'),
(375, 'O', 11, 'O11'),
(376, 'O', 12, 'O12'),
(377, 'O', 13, 'O13'),
(378, 'O', 14, 'O14'),
(379, 'O', 15, 'O15'),
(380, 'O', 16, 'O16'),
(381, 'O', 17, 'O17'),
(382, 'O', 18, 'O18'),
(383, 'O', 19, 'O19'),
(384, 'O', 20, 'O20'),
(385, 'O', 21, 'O21'),
(386, 'O', 22, 'O22'),
(387, 'O', 23, 'O23'),
(388, 'O', 24, 'O24'),
(389, 'O', 25, 'O25'),
(390, 'O', 26, 'O26'),
(391, 'P', 1, 'P1'),
(392, 'P', 2, 'P2'),
(393, 'P', 3, 'P3'),
(394, 'P', 4, 'P4'),
(395, 'P', 5, 'P5'),
(396, 'P', 6, 'P6'),
(397, 'P', 7, 'P7'),
(398, 'P', 8, 'P8'),
(399, 'P', 9, 'P9'),
(400, 'P', 10, 'P10'),
(401, 'P', 11, 'P11'),
(402, 'P', 12, 'P12'),
(403, 'P', 13, 'P13'),
(404, 'P', 14, 'P14'),
(405, 'P', 15, 'P15'),
(406, 'P', 16, 'P16'),
(407, 'P', 17, 'P17'),
(408, 'P', 18, 'P18'),
(409, 'P', 19, 'P19'),
(410, 'P', 20, 'P20'),
(411, 'P', 21, 'P21'),
(412, 'P', 22, 'P22'),
(413, 'P', 23, 'P23'),
(414, 'P', 24, 'P24'),
(415, 'P', 25, 'P25'),
(416, 'P', 26, 'P26'),
(417, 'P', 27, 'P27'),
(418, 'P', 28, 'P28'),
(419, 'P', 29, 'P29'),
(420, 'P', 30, 'P30'),
(421, 'PB1', 1, 'PB1-1'),
(422, 'PB1', 2, 'PB1-2'),
(423, 'PB1', 3, 'PB1-3'),
(424, 'PB1', 4, 'PB1-4'),
(425, 'PB1', 5, 'PB1-5'),
(426, 'PB1', 6, 'PB1-6'),
(427, 'PB1', 7, 'PB1-7'),
(428, 'PB1', 8, 'PB1-8'),
(429, 'PB1', 9, 'PB1-9'),
(430, 'PB1', 10, 'PB1-10'),
(431, 'PB1', 11, 'PB1-11'),
(432, 'PB1', 12, 'PB1-12'),
(433, 'PB2', 1, 'PB2-1'),
(434, 'PB2', 2, 'PB2-2'),
(435, 'PB2', 3, 'PB2-3'),
(436, 'PB2', 4, 'PB2-4'),
(437, 'PB2', 5, 'PB2-5'),
(438, 'PB2', 6, 'PB2-6'),
(439, 'PB2', 7, 'PB2-7'),
(440, 'PB2', 8, 'PB2-8'),
(441, 'PB2', 9, 'PB2-9'),
(442, 'PB2', 10, 'PB2-10'),
(443, 'PB2', 11, 'PB2-11'),
(444, 'PB2', 12, 'PB2-12'),
(445, 'PB3', 1, 'PB3-1'),
(446, 'PB3', 2, 'PB3-2'),
(447, 'PB3', 3, 'PB3-3'),
(448, 'PB3', 4, 'PB3-4'),
(449, 'PB3', 5, 'PB3-5'),
(450, 'PB3', 6, 'PB3-6'),
(451, 'PB3', 7, 'PB3-7'),
(452, 'PB3', 8, 'PB3-8'),
(453, 'PB3', 9, 'PB3-9'),
(454, 'PB3', 10, 'PB3-10'),
(455, 'PB3', 11, 'PB3-11'),
(456, 'PB3', 12, 'PB3-12'),
(457, 'PB4', 1, 'PB4-1'),
(458, 'PB4', 2, 'PB4-2'),
(459, 'PB4', 3, 'PB4-3'),
(460, 'PB4', 4, 'PB4-4'),
(461, 'PB4', 5, 'PB4-5'),
(462, 'PB4', 6, 'PB4-6'),
(463, 'PB4', 7, 'PB4-7'),
(464, 'PB4', 8, 'PB4-8'),
(465, 'PB4', 9, 'PB4-9'),
(466, 'PB4', 10, 'PB4-10'),
(467, 'PB4', 11, 'PB4-11'),
(468, 'PB4', 12, 'PB4-12'),
(469, 'PB5', 1, 'PB5-1'),
(470, 'PB5', 2, 'PB5-2'),
(471, 'PB5', 3, 'PB5-3'),
(472, 'PB5', 4, 'PB5-4'),
(473, 'PB5', 5, 'PB5-5'),
(474, 'PB5', 6, 'PB5-6'),
(475, 'PB5', 7, 'PB5-7'),
(476, 'PB5', 8, 'PB5-8'),
(477, 'PB5', 9, 'PB5-9'),
(478, 'PB5', 10, 'PB5-10'),
(479, 'PB5', 11, 'PB5-11'),
(480, 'PB5', 12, 'PB5-12'),
(481, 'PB6', 1, 'PB6-1'),
(482, 'PB6', 2, 'PB6-2'),
(483, 'PB6', 3, 'PB6-3'),
(484, 'PB6', 4, 'PB6-4'),
(485, 'PB6', 5, 'PB6-5'),
(486, 'PB6', 6, 'PB6-6'),
(487, 'PB6', 7, 'PB6-7'),
(488, 'PB6', 8, 'PB6-8'),
(489, 'PB6', 9, 'PB6-9'),
(490, 'PB6', 10, 'PB6-10'),
(491, 'PB6', 11, 'PB6-11'),
(492, 'PB6', 12, 'PB6-12'),
(493, 'PB7', 1, 'PB7-1'),
(494, 'PB7', 2, 'PB7-2'),
(495, 'PB7', 3, 'PB7-3'),
(496, 'PB7', 4, 'PB7-4'),
(497, 'PB7', 5, 'PB7-5'),
(498, 'PB7', 6, 'PB7-6'),
(499, 'PB7', 7, 'PB7-7'),
(500, 'PB7', 8, 'PB7-8'),
(501, 'PB7', 9, 'PB7-9'),
(502, 'PB7', 10, 'PB7-10'),
(503, 'PB7', 11, 'PB7-11'),
(504, 'PB7', 12, 'PB7-12'),
(505, 'PB8', 1, 'PB8-1'),
(506, 'PB8', 2, 'PB8-2'),
(507, 'PB8', 3, 'PB8-3'),
(508, 'PB8', 4, 'PB8-4'),
(509, 'PB8', 5, 'PB8-5'),
(510, 'PB8', 6, 'PB8-6'),
(511, 'PB8', 7, 'PB8-7'),
(512, 'PB8', 8, 'PB8-8'),
(513, 'PB8', 9, 'PB8-9'),
(514, 'PB8', 10, 'PB8-10'),
(515, 'PB8', 11, 'PB8-11'),
(516, 'PB8', 12, 'PB8-12'),
(517, 'PB9', 1, 'PB9-1'),
(518, 'PB9', 2, 'PB9-2'),
(519, 'PB9', 3, 'PB9-3'),
(520, 'PB9', 4, 'PB9-4'),
(521, 'PB9', 5, 'PB9-5'),
(522, 'PB9', 6, 'PB9-6'),
(523, 'PB9', 7, 'PB9-7'),
(524, 'PB9', 8, 'PB9-8'),
(525, 'PB9', 9, 'PB9-9'),
(526, 'PB9', 10, 'PB9-10'),
(527, 'PB9', 11, 'PB9-11'),
(528, 'PB9', 12, 'PB9-12'),
(529, 'PB1', 1, 'PB10-1'),
(530, 'PB1', 2, 'PB10-2'),
(531, 'PB1', 3, 'PB10-3'),
(532, 'PB1', 4, 'PB10-4'),
(533, 'PB1', 5, 'PB10-5'),
(534, 'PB1', 6, 'PB10-6'),
(535, 'PB1', 7, 'PB10-7'),
(536, 'PB1', 8, 'PB10-8'),
(537, 'PB1', 9, 'PB10-9');

-- --------------------------------------------------------

--
-- Estructura de tabla para la tabla `boletos`
--

DROP TABLE IF EXISTS `boletos`;
CREATE TABLE IF NOT EXISTS `boletos` (
  `id_boleto` int NOT NULL AUTO_INCREMENT,
  `id_evento` int NOT NULL,
  `id_funcion` int DEFAULT NULL,
  `id_asiento` int NOT NULL,
  `id_categoria` int DEFAULT NULL,
  `id_promocion` int DEFAULT NULL COMMENT 'La promoción que se aplicó (si hubo)',
  `codigo_unico` varchar(30) COLLATE utf8mb4_general_ci DEFAULT NULL,
  `precio_base` decimal(10,2) NOT NULL,
  `descuento_aplicado` decimal(10,2) NOT NULL DEFAULT '0.00',
  `precio_final` decimal(10,2) NOT NULL,
  `tipo_boleto` varchar(20) COLLATE utf8mb4_general_ci DEFAULT 'adulto',
  `id_usuario` int DEFAULT NULL,
  `fecha_compra` datetime NOT NULL DEFAULT CURRENT_TIMESTAMP,
  `estatus` int NOT NULL DEFAULT '1' COMMENT '1=Activo, 0=Usado/Escaneado',
  PRIMARY KEY (`id_boleto`),
  UNIQUE KEY `idx_codigo_unico` (`codigo_unico`),
  UNIQUE KEY `idx_evento_funcion_asiento` (`id_evento`,`id_funcion`,`id_asiento`),
  KEY `id_asiento` (`id_asiento`),
  KEY `id_categoria` (`id_categoria`),
  KEY `id_promocion` (`id_promocion`),
  KEY `idx_boletos_funcion` (`id_funcion`)
) ENGINE=InnoDB AUTO_INCREMENT=983 DEFAULT CHARSET=utf8mb4 COLLATE=utf8mb4_general_ci;

--
-- Volcado de datos para la tabla `boletos`
--

INSERT INTO `boletos` (`id_boleto`, `id_evento`, `id_funcion`, `id_asiento`, `id_categoria`, `id_promocion`, `codigo_unico`, `precio_base`, `descuento_aplicado`, `precio_final`, `tipo_boleto`, `id_usuario`, `fecha_compra`, `estatus`) VALUES
(457, 17, 20, 1, 53, NULL, 'TKT-6980BAC9D0C4B-0', 194.00, 0.00, 190.00, 'inapam', 1, '2026-01-27 16:22:06', 1),
(458, 17, 21, 1, 53, NULL, 'TKT-6980BAC9D15C5-1', 111.00, 0.00, 112.00, 'nino', 1, '2026-01-30 18:21:22', 1),
(459, 17, 21, 2, 53, NULL, 'TKT-6980BAC9D17B2-2', 112.00, 0.00, 124.00, 'inapam', 1, '2026-01-30 09:01:02', 1),
(460, 17, 20, 2, 54, NULL, 'TKT-6980BAC9D1972-3', 273.00, 12.00, 273.00, 'nino', 1, '2026-01-27 19:17:28', 1),
(461, 17, 20, 3, 54, NULL, 'TKT-6980BAC9D1BA4-4', 284.00, 0.00, 275.00, 'adulto', 1, '2026-01-27 19:24:23', 1),
(462, 17, 21, 3, 54, NULL, 'TKT-6980BAC9D1EBB-5', 266.00, 34.00, 266.00, 'inapam', 1, '2026-01-24 19:14:29', 1),
(463, 17, 21, 4, 54, NULL, 'TKT-6980BAC9D2108-6', 269.00, 0.00, 268.00, 'adulto', 1, '2026-01-11 21:33:10', 1),
(464, 17, 20, 4, 53, NULL, 'TKT-6980BAC9D22A9-7', 157.00, 17.00, 157.00, 'nino', 1, '2026-01-07 18:29:40', 1),
(465, 17, 20, 5, 54, NULL, 'TKT-6980BAC9D24A7-8', 286.00, 0.00, 296.00, 'nino', 1, '2026-02-02 09:32:51', 1),
(466, 17, 21, 5, 53, NULL, 'TKT-6980BAC9D263F-9', 119.00, 0.00, 108.00, 'adulto', 1, '2026-01-03 17:20:23', 1),
(467, 17, 21, 6, 54, NULL, 'TKT-6980BAC9D27B1-10', 226.00, 41.00, 218.00, 'inapam', 1, '2026-01-15 13:01:39', 1),
(468, 17, 20, 6, 53, NULL, 'TKT-6980BAC9D2A22-11', 134.00, 0.00, 149.00, 'nino', 1, '2026-01-15 17:14:16', 1),
(469, 17, 20, 7, 53, NULL, 'TKT-6980BAC9D2C85-12', 177.00, 0.00, 186.00, 'nino', 1, '2026-01-13 19:17:38', 1),
(470, 17, 21, 7, 53, NULL, 'TKT-6980BAC9D2FAF-13', 168.00, 22.00, 175.00, 'adulto', 1, '2026-01-19 21:07:02', 1),
(471, 17, 21, 8, 53, NULL, 'TKT-6980BAC9D31A1-14', 181.00, 48.00, 167.00, 'inapam', 1, '2026-01-19 09:46:54', 1),
(472, 17, 20, 8, 53, NULL, 'TKT-6980BAC9D32AA-15', 121.00, 46.00, 114.00, 'adulto', 1, '2026-01-26 20:31:47', 1),
(473, 17, 20, 9, 54, NULL, 'TKT-6980BAC9D33AD-16', 203.00, 0.00, 201.00, 'nino', 1, '2026-01-17 17:48:00', 1),
(474, 17, 21, 9, 53, NULL, 'TKT-6980BAC9D34A6-17', 169.00, 0.00, 183.00, 'inapam', 1, '2026-01-03 10:54:58', 1),
(475, 17, 21, 10, 54, NULL, 'TKT-6980BAC9D35A0-18', 326.00, 15.00, 311.00, 'inapam', 1, '2026-01-20 14:27:26', 1),
(476, 17, 20, 10, 53, NULL, 'TKT-6980BAC9D369B-19', 163.00, 24.00, 152.00, 'adulto', 1, '2026-01-08 15:36:34', 1),
(477, 17, 20, 11, 54, NULL, 'TKT-6980BAC9D389D-20', 238.00, 0.00, 245.00, 'inapam', 1, '2026-01-06 16:01:57', 1),
(478, 17, 21, 11, 53, NULL, 'TKT-6980BAC9D3DB5-21', 162.00, 0.00, 159.00, 'adulto', 1, '2026-01-15 17:18:10', 1),
(479, 17, 21, 12, 54, NULL, 'TKT-6980BAC9D406A-22', 216.00, 23.00, 213.00, 'nino', 1, '2026-01-17 14:50:12', 1),
(480, 17, 20, 12, 54, NULL, 'TKT-6980BAC9D41F6-23', 223.00, 0.00, 212.00, 'inapam', 1, '2026-01-30 09:53:34', 1),
(481, 17, 20, 13, 53, NULL, 'TKT-6980BAC9D430F-24', 145.00, 19.00, 158.00, 'nino', 1, '2026-01-16 19:22:43', 1),
(482, 17, 21, 13, 54, NULL, 'TKT-6980BAC9D4443-25', 322.00, 38.00, 316.00, 'inapam', 1, '2026-01-07 13:28:07', 1),
(483, 17, 21, 14, 54, NULL, 'TKT-6980BAC9D45B5-26', 237.00, 0.00, 226.00, 'nino', 1, '2026-01-19 14:10:56', 1),
(484, 17, 20, 14, 53, NULL, 'TKT-6980BAC9D47BC-27', 164.00, 17.00, 178.00, 'inapam', 1, '2026-02-02 14:57:08', 1),
(485, 17, 20, 15, 53, NULL, 'TKT-6980BAC9D49FC-28', 199.00, 29.00, 192.00, 'adulto', 1, '2026-01-14 09:25:46', 1),
(486, 17, 21, 15, 54, NULL, 'TKT-6980BAC9D4B3F-29', 285.00, 0.00, 270.00, 'inapam', 1, '2026-01-22 16:01:49', 1),
(487, 17, 21, 16, 54, NULL, 'TKT-6980BAC9D4DE7-30', 281.00, 0.00, 294.00, 'nino', 1, '2026-01-07 17:56:48', 1),
(488, 17, 20, 16, 53, NULL, 'TKT-6980BAC9D50EA-31', 112.00, 0.00, 112.00, 'adulto', 1, '2026-01-15 12:18:06', 1),
(489, 17, 20, 17, 53, NULL, 'TKT-6980BAC9D5356-32', 154.00, 40.00, 151.00, 'nino', 1, '2026-01-03 19:24:45', 1),
(490, 17, 21, 17, 54, NULL, 'TKT-6980BAC9D553F-33', 212.00, 29.00, 203.00, 'adulto', 1, '2026-01-08 11:55:35', 1),
(491, 17, 21, 18, 54, NULL, 'TKT-6980BAC9D569F-34', 349.00, 0.00, 347.00, 'nino', 1, '2026-01-31 17:24:27', 1),
(492, 17, 20, 18, 54, NULL, 'TKT-6980BAC9D57E5-35', 257.00, 12.00, 271.00, 'nino', 1, '2026-01-26 21:32:35', 1),
(493, 17, 20, 19, 54, NULL, 'TKT-6980BAC9D5A23-36', 294.00, 50.00, 283.00, 'adulto', 1, '2026-01-18 20:03:25', 1),
(494, 17, 21, 19, 54, NULL, 'TKT-6980BAC9D5CE2-37', 316.00, 19.00, 324.00, 'adulto', 1, '2026-01-06 13:19:54', 1),
(495, 17, 21, 20, 54, NULL, 'TKT-6980BAC9D5F54-38', 271.00, 0.00, 280.00, 'nino', 1, '2026-01-15 10:27:13', 1),
(496, 17, 20, 20, 54, NULL, 'TKT-6980BAC9D6160-39', 217.00, 42.00, 206.00, 'adulto', 1, '2026-01-14 09:19:30', 1),
(497, 17, 20, 21, 54, NULL, 'TKT-6980BAC9D62EF-40', 263.00, 50.00, 270.00, 'inapam', 1, '2026-01-30 14:57:04', 1),
(498, 17, 21, 21, 54, NULL, 'TKT-6980BAC9D65D4-41', 275.00, 0.00, 273.00, 'inapam', 1, '2026-01-11 11:10:21', 1),
(499, 17, 21, 22, 54, NULL, 'TKT-6980BAC9D67C9-42', 249.00, 0.00, 262.00, 'inapam', 1, '2026-01-13 15:33:28', 1),
(500, 17, 20, 22, 54, NULL, 'TKT-6980BAC9D698B-43', 286.00, 0.00, 281.00, 'nino', 1, '2026-01-18 16:25:22', 1),
(501, 17, 20, 23, 54, NULL, 'TKT-6980BAC9D6B04-44', 335.00, 0.00, 349.00, 'inapam', 1, '2026-01-12 12:19:21', 1),
(502, 17, 21, 23, 53, NULL, 'TKT-6980BAC9D6DC3-45', 132.00, 36.00, 138.00, 'inapam', 1, '2026-02-01 14:27:14', 1),
(503, 17, 21, 24, 53, NULL, 'TKT-6980BAC9D704B-46', 137.00, 19.00, 149.00, 'adulto', 1, '2026-02-01 19:41:38', 1),
(504, 17, 20, 24, 54, NULL, 'TKT-6980BAC9D714E-47', 200.00, 32.00, 204.00, 'inapam', 1, '2026-01-15 19:19:31', 1),
(505, 17, 20, 25, 54, NULL, 'TKT-6980BAC9D723F-48', 303.00, 20.00, 309.00, 'inapam', 1, '2026-01-15 15:41:56', 1),
(506, 17, 21, 25, 54, NULL, 'TKT-6980BAC9D733B-49', 303.00, 0.00, 318.00, 'adulto', 1, '2026-01-14 15:30:43', 1),
(507, 17, 21, 26, 54, NULL, 'TKT-6980BAC9D742A-50', 278.00, 23.00, 279.00, 'inapam', 1, '2026-01-12 17:53:14', 1),
(508, 17, 20, 26, 53, NULL, 'TKT-6980BAC9D76C3-51', 143.00, 0.00, 142.00, 'adulto', 1, '2026-01-05 19:06:33', 1),
(509, 17, 20, 27, 54, NULL, 'TKT-6980BAC9D786E-52', 346.00, 28.00, 360.00, 'inapam', 1, '2026-01-25 19:42:33', 1),
(510, 17, 21, 27, 53, NULL, 'TKT-6980BAC9D7B67-53', 163.00, 30.00, 167.00, 'inapam', 1, '2026-01-22 16:05:36', 1),
(511, 17, 21, 28, 54, NULL, 'TKT-6980BAC9D7D0D-54', 236.00, 0.00, 235.00, 'inapam', 1, '2026-01-06 22:51:12', 1),
(512, 17, 20, 28, 54, NULL, 'TKT-6980BAC9D7E6D-55', 225.00, 38.00, 213.00, 'nino', 1, '2026-01-21 16:20:12', 1),
(513, 17, 20, 29, 53, NULL, 'TKT-6980BAC9D7FAD-56', 154.00, 0.00, 169.00, 'adulto', 1, '2026-01-20 21:21:40', 1),
(514, 17, 21, 29, 53, NULL, 'TKT-6980BAC9D80A7-57', 115.00, 0.00, 112.00, 'adulto', 1, '2026-01-24 18:35:26', 1),
(515, 17, 21, 30, 53, NULL, 'TKT-6980BAC9D822D-58', 147.00, 0.00, 149.00, 'adulto', 1, '2026-01-15 09:19:15', 1),
(516, 17, 20, 30, 54, NULL, 'TKT-6980BAC9D8410-59', 237.00, 35.00, 239.00, 'adulto', 1, '2026-01-22 14:04:36', 1),
(517, 17, 20, 31, 53, NULL, 'TKT-6980BAC9D8676-60', 132.00, 0.00, 141.00, 'nino', 1, '2026-01-23 20:48:05', 1),
(518, 17, 21, 31, 54, NULL, 'TKT-6980BAC9D894E-61', 327.00, 32.00, 340.00, 'adulto', 1, '2026-01-18 11:50:33', 1),
(519, 17, 21, 32, 54, NULL, 'TKT-6980BAC9D8AA1-62', 350.00, 0.00, 353.00, 'adulto', 1, '2026-01-16 09:49:43', 1),
(520, 17, 20, 32, 54, NULL, 'TKT-6980BAC9D8C0C-63', 243.00, 15.00, 238.00, 'adulto', 1, '2026-01-26 17:15:14', 1),
(521, 17, 20, 33, 53, NULL, 'TKT-6980BAC9D8D8F-64', 114.00, 0.00, 109.00, 'nino', 1, '2026-01-24 13:46:30', 1),
(522, 17, 21, 33, 54, NULL, 'TKT-6980BAC9D8F7C-65', 211.00, 0.00, 204.00, 'inapam', 1, '2026-01-21 14:46:07', 1),
(523, 17, 21, 34, 53, NULL, 'TKT-6980BAC9D90F4-66', 163.00, 0.00, 168.00, 'nino', 1, '2026-01-27 14:53:21', 1),
(524, 17, 20, 34, 53, NULL, 'TKT-6980BAC9D91FD-67', 132.00, 0.00, 139.00, 'nino', 1, '2026-01-04 19:39:25', 1),
(525, 17, 20, 35, 53, NULL, 'TKT-6980BAC9D930E-68', 160.00, 0.00, 162.00, 'nino', 1, '2026-01-09 19:43:23', 1),
(526, 17, 21, 35, 54, NULL, 'TKT-6980BAC9D9573-69', 205.00, 21.00, 207.00, 'inapam', 1, '2026-01-17 22:00:40', 1),
(527, 17, 21, 36, 53, NULL, 'TKT-6980BAC9D970B-70', 108.00, 0.00, 98.00, 'inapam', 1, '2026-01-17 11:53:59', 1),
(528, 17, 20, 36, 54, NULL, 'TKT-6980BAC9D9B5F-71', 270.00, 32.00, 274.00, 'nino', 1, '2026-01-06 19:55:15', 1),
(529, 17, 20, 37, 54, NULL, 'TKT-6980BAC9D9C95-72', 312.00, 46.00, 310.00, 'inapam', 1, '2026-01-22 21:02:22', 1),
(530, 17, 21, 37, 53, NULL, 'TKT-6980BAC9D9DD2-73', 175.00, 0.00, 189.00, 'adulto', 1, '2026-01-07 20:35:41', 1),
(531, 17, 21, 38, 54, NULL, 'TKT-6980BAC9D9ECA-74', 339.00, 41.00, 341.00, 'nino', 1, '2026-01-28 20:48:41', 1),
(532, 17, 20, 38, 53, NULL, 'TKT-6980BAC9D9FB2-75', 190.00, 0.00, 188.00, 'adulto', 1, '2026-01-30 18:09:36', 1),
(533, 17, 20, 39, 53, NULL, 'TKT-6980BAC9DA098-76', 166.00, 0.00, 153.00, 'nino', 1, '2026-01-15 21:17:43', 1),
(534, 17, 21, 39, 53, NULL, 'TKT-6980BAC9DA19A-77', 151.00, 22.00, 158.00, 'inapam', 1, '2026-02-01 10:14:01', 1),
(535, 17, 21, 40, 53, NULL, 'TKT-6980BAC9DA450-78', 161.00, 21.00, 175.00, 'nino', 1, '2026-01-19 17:25:01', 1),
(536, 17, 20, 40, 53, NULL, 'TKT-6980BAC9DA669-79', 107.00, 27.00, 99.00, 'nino', 1, '2026-01-17 11:21:12', 1),
(537, 17, 20, 41, 53, NULL, 'TKT-6980BAC9DA85D-80', 180.00, 15.00, 166.00, 'nino', 1, '2026-01-08 22:13:45', 1),
(538, 17, 21, 41, 54, NULL, 'TKT-6980BAC9DAB1E-81', 345.00, 30.00, 353.00, 'adulto', 1, '2026-01-27 22:51:47', 1),
(539, 17, 21, 42, 53, NULL, 'TKT-6980BAC9DAC3E-82', 158.00, 0.00, 166.00, 'inapam', 1, '2026-01-23 16:58:58', 1),
(540, 17, 20, 42, 53, NULL, 'TKT-6980BAC9DAD5B-83', 175.00, 32.00, 168.00, 'adulto', 1, '2026-01-27 10:29:35', 1),
(541, 17, 20, 43, 53, NULL, 'TKT-6980BAC9DAE5B-84', 135.00, 0.00, 137.00, 'inapam', 1, '2026-02-02 16:14:32', 1),
(542, 17, 21, 43, 54, NULL, 'TKT-6980BAC9DAF4C-85', 221.00, 0.00, 229.00, 'adulto', 1, '2026-02-02 18:45:25', 1),
(543, 17, 21, 44, 53, NULL, 'TKT-6980BAC9DB163-86', 191.00, 28.00, 198.00, 'inapam', 1, '2026-01-13 13:56:17', 1),
(544, 17, 20, 44, 53, NULL, 'TKT-6980BAC9DB2F0-87', 150.00, 0.00, 136.00, 'inapam', 1, '2026-01-03 11:22:35', 1),
(545, 17, 20, 45, 54, NULL, 'TKT-6980BAC9DB432-88', 209.00, 0.00, 224.00, 'nino', 1, '2026-01-04 22:32:21', 1),
(546, 17, 21, 45, 54, NULL, 'TKT-6980BAC9DB540-89', 319.00, 0.00, 315.00, 'inapam', 1, '2026-01-31 19:41:47', 1),
(547, 17, 21, 46, 54, NULL, 'TKT-6980BAC9DB684-90', 338.00, 0.00, 352.00, 'nino', 1, '2026-01-30 14:32:40', 1),
(548, 17, 20, 46, 53, NULL, 'TKT-6980BAC9DD8CF-91', 152.00, 28.00, 158.00, 'inapam', 1, '2026-01-25 18:40:12', 1),
(549, 17, 20, 47, 53, NULL, 'TKT-6980BAC9DDB94-92', 184.00, 0.00, 196.00, 'inapam', 1, '2026-01-05 13:14:50', 1),
(550, 17, 21, 47, 54, NULL, 'TKT-6980BAC9DDDEB-93', 297.00, 0.00, 288.00, 'inapam', 1, '2026-01-28 20:02:08', 1),
(551, 17, 21, 48, 54, NULL, 'TKT-6980BAC9DDF71-94', 252.00, 0.00, 265.00, 'adulto', 1, '2026-01-08 12:11:16', 1),
(552, 17, 20, 48, 54, NULL, 'TKT-6980BAC9DE0EB-95', 226.00, 39.00, 228.00, 'nino', 1, '2026-01-13 10:02:15', 1),
(553, 17, 20, 49, 54, NULL, 'TKT-6980BAC9DE4D5-96', 212.00, 0.00, 226.00, 'adulto', 1, '2026-01-03 12:37:36', 1),
(554, 17, 21, 49, 54, NULL, 'TKT-6980BAC9DE836-97', 327.00, 13.00, 338.00, 'nino', 1, '2026-01-24 15:04:40', 1),
(555, 17, 21, 50, 54, NULL, 'TKT-6980BAC9DEA7F-98', 247.00, 34.00, 245.00, 'nino', 1, '2026-01-14 09:44:38', 1),
(556, 17, 20, 50, 54, NULL, 'TKT-6980BAC9DEC1F-99', 251.00, 0.00, 256.00, 'inapam', 1, '2026-01-10 22:02:49', 1),
(557, 17, 20, 51, 53, NULL, 'TKT-6980BAC9DEF00-100', 180.00, 0.00, 180.00, 'adulto', 1, '2026-01-29 14:47:36', 1),
(558, 17, 21, 51, 54, NULL, 'TKT-6980BAC9DF4FE-101', 298.00, 13.00, 284.00, 'inapam', 1, '2026-01-31 14:50:03', 1),
(559, 17, 21, 52, 53, NULL, 'TKT-6980BAC9DF7AC-102', 153.00, 0.00, 152.00, 'adulto', 1, '2026-01-29 18:36:54', 1),
(560, 17, 20, 52, 53, NULL, 'TKT-6980BAC9DFA6F-103', 123.00, 0.00, 119.00, 'nino', 1, '2026-01-19 21:34:36', 1),
(561, 17, 20, 53, 53, NULL, 'TKT-6980BAC9DFD31-104', 151.00, 0.00, 166.00, 'inapam', 1, '2026-01-08 19:08:32', 1),
(562, 17, 21, 53, 54, NULL, 'TKT-6980BAC9DFE8F-105', 315.00, 0.00, 315.00, 'inapam', 1, '2026-01-13 17:34:54', 1),
(563, 17, 21, 54, 53, NULL, 'TKT-6980BAC9E000B-106', 184.00, 10.00, 199.00, 'inapam', 1, '2026-01-26 10:52:16', 1),
(564, 17, 20, 54, 54, NULL, 'TKT-6980BAC9E018B-107', 232.00, 0.00, 223.00, 'nino', 1, '2026-01-21 09:20:39', 1),
(565, 17, 20, 55, 54, NULL, 'TKT-6980BAC9E02E5-108', 268.00, 22.00, 281.00, 'adulto', 1, '2026-01-15 21:37:34', 1),
(566, 17, 21, 55, 53, NULL, 'TKT-6980BAC9E0439-109', 103.00, 24.00, 102.00, 'inapam', 1, '2026-01-13 19:56:53', 1),
(567, 17, 21, 56, 54, NULL, 'TKT-6980BAC9E05B2-110', 243.00, 34.00, 257.00, 'inapam', 1, '2026-01-03 10:35:22', 1),
(568, 17, 20, 56, 54, NULL, 'TKT-6980BAC9E082B-111', 298.00, 24.00, 304.00, 'inapam', 1, '2026-02-01 18:51:20', 1),
(689, 19, 25, 1, 53, NULL, 'TKT-6980BAC9F03CB-0', 131.00, 18.00, 140.00, 'nino', 1, '2026-01-12 16:37:46', 1),
(690, 19, 26, 1, 54, NULL, 'TKT-6980BAC9F0624-1', 208.00, 29.00, 200.00, 'adulto', 1, '2026-02-01 15:12:25', 1),
(691, 19, 26, 2, 54, NULL, 'TKT-6980BAC9F0760-2', 228.00, 0.00, 230.00, 'nino', 1, '2026-01-20 20:45:44', 1),
(692, 19, 25, 2, 54, NULL, 'TKT-6980BAC9F087D-3', 310.00, 0.00, 298.00, 'inapam', 1, '2026-01-14 09:00:46', 1),
(693, 19, 25, 3, 54, NULL, 'TKT-6980BAC9F096B-4', 236.00, 0.00, 234.00, 'nino', 1, '2026-01-25 09:20:34', 1),
(694, 19, 26, 3, 54, NULL, 'TKT-6980BAC9F0A86-5', 202.00, 15.00, 213.00, 'inapam', 1, '2026-01-25 15:40:40', 1),
(695, 19, 26, 4, 53, NULL, 'TKT-6980BAC9F0CF7-6', 165.00, 0.00, 153.00, 'nino', 1, '2026-01-14 18:56:46', 1),
(696, 19, 25, 4, 53, NULL, 'TKT-6980BAC9F0EC9-7', 199.00, 20.00, 208.00, 'inapam', 1, '2026-01-27 17:35:10', 1),
(697, 19, 25, 5, 54, NULL, 'TKT-6980BAC9F10AA-8', 302.00, 0.00, 302.00, 'nino', 1, '2026-01-28 20:08:53', 1),
(698, 19, 26, 5, 54, NULL, 'TKT-6980BAC9F21ED-9', 226.00, 29.00, 230.00, 'nino', 1, '2026-01-21 19:06:29', 1),
(699, 19, 26, 6, 54, NULL, 'TKT-6980BAC9F24A9-10', 307.00, 32.00, 300.00, 'inapam', 1, '2026-01-27 14:29:18', 1),
(700, 19, 25, 6, 53, NULL, 'TKT-6980BAC9F27D8-11', 138.00, 16.00, 136.00, 'inapam', 1, '2026-01-10 17:19:23', 1),
(701, 19, 25, 7, 53, NULL, 'TKT-6980BAC9F2970-12', 163.00, 0.00, 177.00, 'adulto', 1, '2026-01-20 16:47:23', 1),
(702, 19, 26, 7, 53, NULL, 'TKT-6980BAC9F2C6C-13', 135.00, 0.00, 150.00, 'adulto', 1, '2026-01-06 16:26:56', 1),
(703, 19, 26, 8, 54, NULL, 'TKT-6980BAC9F2DA5-14', 283.00, 47.00, 294.00, 'nino', 1, '2026-01-28 11:29:50', 1),
(704, 19, 25, 8, 54, NULL, 'TKT-6980BAC9F2E93-15', 322.00, 0.00, 332.00, 'inapam', 1, '2026-02-01 17:06:01', 1),
(705, 19, 25, 9, 53, NULL, 'TKT-6980BAC9F2F8C-16', 151.00, 0.00, 163.00, 'nino', 1, '2026-01-24 18:05:19', 1),
(706, 19, 26, 9, 54, NULL, 'TKT-6980BAC9F3077-17', 340.00, 0.00, 344.00, 'adulto', 1, '2026-01-05 12:54:15', 1),
(707, 19, 26, 10, 54, NULL, 'TKT-6980BAC9F32B0-18', 335.00, 13.00, 320.00, 'inapam', 1, '2026-02-01 09:03:06', 1),
(708, 19, 25, 10, 54, NULL, 'TKT-6980BAC9F33C3-19', 321.00, 0.00, 334.00, 'nino', 1, '2026-01-09 22:08:31', 1),
(709, 19, 25, 11, 53, NULL, 'TKT-6980BAC9F34D3-20', 106.00, 0.00, 121.00, 'adulto', 1, '2026-01-11 13:10:50', 1),
(710, 19, 26, 11, 53, NULL, 'TKT-6980BAC9F36D4-21', 167.00, 0.00, 168.00, 'adulto', 1, '2026-01-19 19:44:19', 1),
(711, 19, 26, 12, 53, NULL, 'TKT-6980BAC9F3831-22', 145.00, 0.00, 144.00, 'inapam', 1, '2026-01-29 22:35:45', 1),
(712, 19, 25, 12, 54, NULL, 'TKT-6980BAC9F3999-23', 291.00, 19.00, 306.00, 'nino', 1, '2026-01-05 10:44:14', 1),
(713, 19, 25, 13, 53, NULL, 'TKT-6980BAC9F3B5D-24', 191.00, 49.00, 179.00, 'inapam', 1, '2026-01-05 19:17:02', 1),
(714, 19, 26, 13, 53, NULL, 'TKT-6980BAC9F3E4B-25', 114.00, 19.00, 106.00, 'inapam', 1, '2026-01-25 14:47:18', 1),
(715, 19, 26, 14, 53, NULL, 'TKT-6980BAC9F4027-26', 157.00, 46.00, 145.00, 'adulto', 1, '2026-01-20 11:06:38', 1),
(716, 19, 25, 14, 53, NULL, 'TKT-6980BACA00146-27', 120.00, 40.00, 106.00, 'nino', 1, '2026-01-03 16:22:11', 1),
(717, 19, 25, 15, 54, NULL, 'TKT-6980BACA0037C-28', 329.00, 10.00, 332.00, 'inapam', 1, '2026-01-06 14:56:52', 1),
(718, 19, 26, 15, 54, NULL, 'TKT-6980BACA0052A-29', 327.00, 20.00, 326.00, 'adulto', 1, '2026-01-21 15:35:23', 1),
(719, 19, 26, 16, 53, NULL, 'TKT-6980BACA00691-30', 124.00, 0.00, 130.00, 'nino', 1, '2026-01-28 14:04:00', 1),
(720, 19, 25, 16, 53, NULL, 'TKT-6980BACA0091B-31', 176.00, 0.00, 167.00, 'inapam', 1, '2026-01-16 20:27:19', 1),
(721, 19, 25, 17, 54, NULL, 'TKT-6980BACA00AA6-32', 347.00, 0.00, 360.00, 'nino', 1, '2026-01-11 15:56:55', 1),
(722, 19, 26, 17, 53, NULL, 'TKT-6980BACA00C4E-33', 176.00, 0.00, 180.00, 'nino', 1, '2026-01-06 12:38:16', 1),
(723, 19, 26, 18, 54, NULL, 'TKT-6980BACA00E0B-34', 234.00, 42.00, 220.00, 'adulto', 1, '2026-01-04 19:41:03', 1),
(724, 19, 25, 18, 53, NULL, 'TKT-6980BACA00F87-35', 172.00, 0.00, 174.00, 'nino', 1, '2026-01-05 21:35:33', 1),
(725, 19, 25, 19, 54, NULL, 'TKT-6980BACA010C8-36', 231.00, 24.00, 238.00, 'adulto', 1, '2026-01-31 15:04:58', 1),
(726, 19, 26, 19, 54, NULL, 'TKT-6980BACA011BF-37', 309.00, 15.00, 309.00, 'adulto', 1, '2026-01-22 15:59:09', 1),
(727, 19, 26, 20, 53, NULL, 'TKT-6980BACA012C0-38', 127.00, 23.00, 116.00, 'nino', 1, '2026-01-05 14:26:37', 1),
(728, 19, 25, 20, 54, NULL, 'TKT-6980BACA01436-39', 325.00, 26.00, 334.00, 'nino', 1, '2026-01-30 17:30:45', 1),
(729, 19, 25, 21, 53, NULL, 'TKT-6980BACA015E2-40', 161.00, 0.00, 168.00, 'adulto', 1, '2026-01-30 11:03:22', 1),
(730, 19, 26, 21, 54, NULL, 'TKT-6980BACA0178D-41', 293.00, 37.00, 298.00, 'inapam', 1, '2026-01-20 12:29:38', 1),
(731, 19, 26, 22, 54, NULL, 'TKT-6980BACA01889-42', 268.00, 0.00, 264.00, 'inapam', 1, '2026-02-01 21:05:55', 1),
(732, 19, 25, 22, 53, NULL, 'TKT-6980BACA019B0-43', 154.00, 0.00, 157.00, 'nino', 1, '2026-01-11 20:42:20', 1),
(733, 19, 25, 23, 54, NULL, 'TKT-6980BACA01AEC-44', 314.00, 44.00, 304.00, 'inapam', 1, '2026-01-15 13:25:38', 1),
(734, 19, 26, 23, 54, NULL, 'TKT-6980BACA01BE8-45', 227.00, 30.00, 221.00, 'nino', 1, '2026-01-14 20:36:36', 1),
(735, 19, 26, 24, 53, NULL, 'TKT-6980BACA01CEE-46', 184.00, 0.00, 195.00, 'nino', 1, '2026-01-20 13:09:51', 1),
(736, 19, 25, 24, 54, NULL, 'TKT-6980BACA01DEC-47', 253.00, 46.00, 249.00, 'adulto', 1, '2026-01-14 18:28:30', 1),
(737, 19, 25, 25, 53, NULL, 'TKT-6980BACA01F05-48', 106.00, 48.00, 118.00, 'nino', 1, '2026-01-05 14:01:40', 1),
(738, 19, 26, 25, 54, NULL, 'TKT-6980BACA0202E-49', 260.00, 28.00, 267.00, 'nino', 1, '2026-01-03 22:33:25', 1),
(739, 19, 26, 26, 53, NULL, 'TKT-6980BACA021BC-50', 141.00, 0.00, 126.00, 'inapam', 1, '2026-01-11 14:41:05', 1),
(740, 19, 25, 26, 53, NULL, 'TKT-6980BACA0245C-51', 157.00, 48.00, 154.00, 'nino', 1, '2026-01-18 17:13:26', 1),
(741, 19, 25, 27, 54, NULL, 'TKT-6980BACA02747-52', 289.00, 46.00, 293.00, 'nino', 1, '2026-01-30 11:45:23', 1),
(742, 19, 26, 27, 53, NULL, 'TKT-6980BACA02A07-53', 115.00, 14.00, 118.00, 'adulto', 1, '2026-01-09 15:10:20', 1),
(743, 19, 26, 28, 53, NULL, 'TKT-6980BACA02BE2-54', 156.00, 0.00, 152.00, 'nino', 1, '2026-01-12 16:29:40', 1),
(744, 19, 25, 28, 54, NULL, 'TKT-6980BACA02D24-55', 309.00, 43.00, 307.00, 'adulto', 1, '2026-01-20 13:23:49', 1),
(745, 19, 25, 29, 54, NULL, 'TKT-6980BACA02E53-56', 239.00, 0.00, 226.00, 'adulto', 1, '2026-01-22 22:12:47', 1),
(746, 19, 26, 29, 53, NULL, 'TKT-6980BACA0302F-57', 138.00, 0.00, 149.00, 'nino', 1, '2026-01-20 14:06:00', 1),
(747, 19, 26, 30, 54, NULL, 'TKT-6980BACA031AC-58', 309.00, 0.00, 302.00, 'nino', 1, '2026-02-01 17:14:47', 1),
(748, 19, 25, 30, 54, NULL, 'TKT-6980BACA0336C-59', 216.00, 0.00, 208.00, 'nino', 1, '2026-01-15 21:45:22', 1),
(749, 19, 25, 31, 54, NULL, 'TKT-6980BACA03578-60', 306.00, 31.00, 297.00, 'nino', 1, '2026-01-22 20:58:48', 1),
(750, 19, 26, 31, 53, NULL, 'TKT-6980BACA03847-61', 113.00, 0.00, 98.00, 'adulto', 1, '2026-01-17 12:15:07', 1),
(751, 19, 26, 32, 54, NULL, 'TKT-6980BACA039EB-62', 315.00, 0.00, 329.00, 'adulto', 1, '2026-01-09 15:25:25', 1),
(752, 19, 25, 32, 53, NULL, 'TKT-6980BACA03B72-63', 175.00, 0.00, 169.00, 'nino', 1, '2026-01-30 09:21:43', 1),
(753, 19, 25, 33, 53, NULL, 'TKT-6980BACA03CB5-64', 169.00, 0.00, 171.00, 'inapam', 1, '2026-01-07 18:04:28', 1),
(754, 19, 26, 33, 53, NULL, 'TKT-6980BACA03E1A-65', 163.00, 0.00, 177.00, 'inapam', 1, '2026-01-10 09:22:52', 1),
(755, 19, 26, 34, 54, NULL, 'TKT-6980BACA04152-66', 348.00, 38.00, 361.00, 'adulto', 1, '2026-01-12 20:00:01', 1),
(756, 19, 25, 34, 53, NULL, 'TKT-6980BACA0430F-67', 111.00, 0.00, 106.00, 'adulto', 1, '2026-01-23 10:26:29', 1),
(757, 19, 25, 35, 54, NULL, 'TKT-6980BACA04501-68', 267.00, 0.00, 254.00, 'nino', 1, '2026-01-04 18:52:20', 1),
(758, 19, 26, 35, 54, NULL, 'TKT-6980BACA04691-69', 202.00, 11.00, 194.00, 'adulto', 1, '2026-01-22 09:32:21', 1),
(759, 19, 26, 36, 54, NULL, 'TKT-6980BACA047E2-70', 334.00, 0.00, 340.00, 'nino', 1, '2026-02-01 14:35:50', 1),
(760, 19, 25, 36, 54, NULL, 'TKT-6980BACA04ACC-71', 348.00, 0.00, 345.00, 'nino', 1, '2026-02-02 16:30:07', 1),
(761, 19, 25, 37, 54, NULL, 'TKT-6980BACA04DD7-72', 313.00, 0.00, 313.00, 'inapam', 1, '2026-01-05 22:26:53', 1),
(762, 19, 26, 37, 54, NULL, 'TKT-6980BACA050A6-73', 260.00, 18.00, 254.00, 'inapam', 1, '2026-01-06 18:42:51', 1),
(763, 19, 26, 38, 54, NULL, 'TKT-6980BACA052D1-74', 340.00, 46.00, 343.00, 'nino', 1, '2026-01-30 13:38:36', 1),
(764, 19, 25, 38, 53, NULL, 'TKT-6980BACA05483-75', 173.00, 46.00, 158.00, 'nino', 1, '2026-01-21 12:59:17', 1),
(765, 19, 25, 39, 54, NULL, 'TKT-6980BACA05646-76', 323.00, 43.00, 330.00, 'inapam', 1, '2026-01-30 12:42:44', 1),
(766, 19, 26, 39, 53, NULL, 'TKT-6980BACA05790-77', 179.00, 45.00, 192.00, 'inapam', 1, '2026-02-01 18:29:32', 1),
(767, 19, 26, 40, 53, NULL, 'TKT-6980BACA058A5-78', 169.00, 0.00, 173.00, 'nino', 1, '2026-01-20 22:10:19', 1),
(768, 19, 25, 40, 54, NULL, 'TKT-6980BACA059EB-79', 285.00, 0.00, 272.00, 'adulto', 1, '2026-01-28 13:14:57', 1),
(769, 19, 25, 41, 54, NULL, 'TKT-6980BACA05B0A-80', 316.00, 33.00, 304.00, 'nino', 1, '2026-01-27 10:32:09', 1),
(770, 19, 26, 41, 53, NULL, 'TKT-6980BACA05D4B-81', 162.00, 26.00, 173.00, 'nino', 1, '2026-01-17 15:50:37', 1),
(771, 19, 26, 42, 54, NULL, 'TKT-6980BACA05EE3-82', 279.00, 31.00, 276.00, 'inapam', 1, '2026-01-13 13:39:12', 1),
(772, 19, 25, 42, 53, NULL, 'TKT-6980BACA06091-83', 141.00, 0.00, 139.00, 'adulto', 1, '2026-01-30 09:54:59', 1),
(773, 19, 25, 43, 54, NULL, 'TKT-6980BACA061F0-84', 270.00, 0.00, 275.00, 'nino', 1, '2026-01-14 22:43:45', 1),
(774, 19, 26, 43, 53, NULL, 'TKT-6980BACA06358-85', 129.00, 36.00, 132.00, 'adulto', 1, '2026-01-31 17:25:08', 1),
(775, 19, 26, 44, 53, NULL, 'TKT-6980BACA0647F-86', 161.00, 0.00, 173.00, 'adulto', 1, '2026-01-23 10:02:45', 1),
(776, 19, 25, 44, 53, NULL, 'TKT-6980BACA065A0-87', 118.00, 16.00, 108.00, 'nino', 1, '2026-01-06 16:57:51', 1),
(777, 19, 25, 45, 53, NULL, 'TKT-6980BACA06697-88', 150.00, 34.00, 161.00, 'nino', 1, '2026-01-11 11:12:58', 1),
(778, 19, 26, 45, 54, NULL, 'TKT-6980BACA067F8-89', 325.00, 37.00, 318.00, 'adulto', 1, '2026-01-09 17:08:53', 1),
(779, 19, 26, 46, 53, NULL, 'TKT-6980BACA06942-90', 144.00, 27.00, 158.00, 'nino', 1, '2026-01-08 14:30:18', 1),
(780, 19, 25, 46, 53, NULL, 'TKT-6980BACA06B8F-91', 160.00, 0.00, 162.00, 'inapam', 1, '2026-01-27 15:43:38', 1),
(781, 19, 25, 47, 54, NULL, 'TKT-6980BACA06DB8-92', 215.00, 0.00, 213.00, 'inapam', 1, '2026-01-04 13:25:55', 1),
(782, 19, 26, 47, 54, NULL, 'TKT-6980BACA06FB0-93', 335.00, 0.00, 337.00, 'nino', 1, '2026-01-26 14:42:40', 1),
(783, 19, 26, 48, 53, NULL, 'TKT-6980BACA07143-94', 123.00, 0.00, 136.00, 'nino', 1, '2026-01-09 15:56:43', 1),
(784, 19, 25, 48, 53, NULL, 'TKT-6980BACA072C7-95', 130.00, 0.00, 118.00, 'nino', 1, '2026-01-31 10:51:02', 1),
(785, 19, 25, 49, 53, NULL, 'TKT-6980BACA0746E-96', 193.00, 0.00, 196.00, 'inapam', 1, '2026-01-03 21:37:45', 1),
(786, 19, 26, 49, 53, NULL, 'TKT-6980BACA075BD-97', 120.00, 0.00, 127.00, 'adulto', 1, '2026-01-12 12:30:02', 1),
(787, 19, 26, 50, 53, NULL, 'TKT-6980BACA076D9-98', 182.00, 0.00, 169.00, 'adulto', 1, '2026-01-05 17:02:06', 1),
(788, 19, 25, 50, 53, NULL, 'TKT-6980BACA077D2-99', 197.00, 10.00, 200.00, 'adulto', 1, '2026-01-18 15:01:38', 1),
(789, 19, 25, 51, 53, NULL, 'TKT-6980BACA078CF-100', 180.00, 0.00, 177.00, 'inapam', 1, '2026-01-10 22:55:16', 1),
(790, 19, 26, 51, 54, NULL, 'TKT-6980BACA07ABE-101', 283.00, 0.00, 271.00, 'nino', 1, '2026-01-27 10:55:07', 1),
(791, 19, 26, 52, 54, NULL, 'TKT-6980BACA07C00-102', 292.00, 17.00, 298.00, 'inapam', 1, '2026-01-14 12:55:42', 1),
(792, 19, 25, 52, 54, NULL, 'TKT-6980BACA07D05-103', 259.00, 40.00, 261.00, 'inapam', 1, '2026-01-07 12:28:25', 1),
(793, 19, 25, 53, 54, NULL, 'TKT-6980BACA07F68-104', 206.00, 0.00, 208.00, 'adulto', 1, '2026-01-10 13:26:59', 1),
(794, 19, 26, 53, 53, NULL, 'TKT-6980BACA081C4-105', 105.00, 0.00, 108.00, 'inapam', 1, '2026-01-13 14:36:59', 1),
(795, 19, 26, 54, 54, NULL, 'TKT-6980BACA08561-106', 222.00, 36.00, 210.00, 'nino', 1, '2026-01-12 18:10:29', 1),
(796, 19, 25, 54, 53, NULL, 'TKT-6980BACA08702-107', 191.00, 0.00, 179.00, 'inapam', 1, '2026-01-11 17:08:56', 1),
(797, 19, 25, 55, 54, NULL, 'TKT-6980BACA08966-108', 274.00, 39.00, 282.00, 'inapam', 1, '2026-01-12 16:28:31', 1),
(798, 19, 26, 55, 53, NULL, 'TKT-6980BACA08AC8-109', 155.00, 0.00, 168.00, 'inapam', 1, '2026-01-10 14:05:09', 1),
(799, 19, 26, 56, 54, NULL, 'TKT-6980BACA08C16-110', 287.00, 36.00, 288.00, 'nino', 1, '2026-01-23 14:18:16', 1),
(800, 19, 25, 56, 53, NULL, 'TKT-6980BACA08E19-111', 164.00, 16.00, 152.00, 'adulto', 1, '2026-01-22 22:31:26', 1),
(801, 19, 25, 57, 53, NULL, 'TKT-6980BACA08F24-112', 106.00, 19.00, 112.00, 'nino', 1, '2026-01-09 22:29:10', 1),
(802, 19, 26, 57, 54, NULL, 'TKT-6980BACA09141-113', 329.00, 34.00, 342.00, 'inapam', 1, '2026-02-02 10:33:13', 1),
(803, 19, 26, 58, 54, NULL, 'TKT-6980BACA092AE-114', 266.00, 0.00, 258.00, 'adulto', 1, '2026-01-29 16:46:14', 1),
(804, 19, 25, 58, 54, NULL, 'TKT-6980BACA0943F-115', 295.00, 0.00, 286.00, 'adulto', 1, '2026-01-20 14:53:04', 1),
(805, 19, 25, 59, 54, NULL, 'TKT-6980BACA09558-116', 346.00, 0.00, 349.00, 'inapam', 1, '2026-01-14 15:57:33', 1),
(806, 19, 26, 59, 53, NULL, 'TKT-6980BACA09714-117', 141.00, 0.00, 138.00, 'nino', 1, '2026-01-18 15:14:42', 1),
(807, 19, 26, 60, 53, NULL, 'TKT-6980BACA09815-118', 136.00, 28.00, 123.00, 'nino', 1, '2026-01-14 13:58:27', 1),
(808, 19, 25, 60, 53, NULL, 'TKT-6980BACA09972-119', 130.00, 43.00, 115.00, 'nino', 1, '2026-01-06 13:01:59', 1),
(809, 19, 25, 61, 54, NULL, 'TKT-6980BACA09A76-120', 208.00, 0.00, 199.00, 'inapam', 1, '2026-01-31 18:27:17', 1),
(810, 19, 26, 61, 53, NULL, 'TKT-6980BACA09C58-121', 177.00, 41.00, 163.00, 'nino', 1, '2026-01-05 15:42:05', 1),
(811, 19, 26, 62, 53, NULL, 'TKT-6980BACA09D69-122', 101.00, 0.00, 111.00, 'inapam', 1, '2026-01-06 13:55:23', 1),
(812, 19, 25, 62, 54, NULL, 'TKT-6980BACA09E65-123', 266.00, 34.00, 266.00, 'nino', 1, '2026-01-20 21:30:13', 1),
(813, 19, 25, 63, 54, NULL, 'TKT-6980BACA09F75-124', 283.00, 0.00, 286.00, 'nino', 1, '2026-01-27 21:53:10', 1),
(814, 19, 26, 63, 53, NULL, 'TKT-6980BACA0A083-125', 104.00, 0.00, 101.00, 'adulto', 1, '2026-01-30 13:30:23', 1),
(815, 19, 26, 64, 53, NULL, 'TKT-6980BACA0A182-126', 200.00, 27.00, 215.00, 'inapam', 1, '2026-01-11 09:09:19', 1),
(816, 19, 25, 64, 54, NULL, 'TKT-6980BACA0A27A-127', 218.00, 0.00, 211.00, 'adulto', 1, '2026-01-25 22:44:02', 1),
(817, 19, 25, 65, 54, NULL, 'TKT-6980BACA0A386-128', 209.00, 47.00, 216.00, 'adulto', 1, '2026-01-03 11:26:38', 1),
(818, 19, 26, 65, 53, NULL, 'TKT-6980BACA0A481-129', 136.00, 0.00, 137.00, 'nino', 1, '2026-02-02 10:04:10', 1),
(819, 19, 26, 66, 53, NULL, 'TKT-6980BACA0A623-130', 166.00, 0.00, 154.00, 'nino', 1, '2026-02-02 20:50:32', 1),
(820, 19, 25, 66, 53, NULL, 'TKT-6980BACA0A802-131', 114.00, 15.00, 113.00, 'inapam', 1, '2026-01-14 19:55:54', 1),
(821, 19, 25, 67, 54, NULL, 'TKT-6980BACA0A954-132', 342.00, 20.00, 340.00, 'inapam', 1, '2026-01-07 19:30:24', 1),
(822, 19, 26, 67, 54, NULL, 'TKT-6980BACA0AA50-133', 218.00, 0.00, 206.00, 'adulto', 1, '2026-01-05 16:16:34', 1),
(823, 19, 26, 68, 53, NULL, 'TKT-6980BACA0AB9C-134', 115.00, 0.00, 105.00, 'adulto', 1, '2026-01-23 10:05:22', 1),
(824, 19, 25, 68, 54, NULL, 'TKT-6980BACA0AD54-135', 342.00, 18.00, 353.00, 'adulto', 1, '2026-01-05 18:41:33', 1),
(825, 19, 25, 69, 53, NULL, 'TKT-6980BACA0AEAF-136', 152.00, 47.00, 153.00, 'nino', 1, '2026-01-16 09:48:06', 1),
(826, 19, 26, 69, 53, NULL, 'TKT-6980BACA0AFCB-137', 156.00, 0.00, 152.00, 'adulto', 1, '2026-01-27 12:01:18', 1),
(827, 19, 26, 70, 54, NULL, 'TKT-6980BACA0B0D4-138', 252.00, 47.00, 255.00, 'inapam', 1, '2026-01-28 15:31:05', 1),
(828, 19, 25, 70, 54, NULL, 'TKT-6980BACA0B1E5-139', 242.00, 33.00, 249.00, 'inapam', 1, '2026-01-18 13:51:58', 1),
(829, 19, 25, 71, 53, NULL, 'TKT-6980BACA0B30F-140', 130.00, 0.00, 128.00, 'nino', 1, '2026-01-26 10:51:10', 1),
(830, 19, 26, 71, 53, NULL, 'TKT-6980BACA0B50F-141', 136.00, 0.00, 148.00, 'nino', 1, '2026-01-09 11:13:30', 1),
(831, 19, 26, 72, 54, NULL, 'TKT-6980BACA0B645-142', 311.00, 0.00, 306.00, 'nino', 1, '2026-01-30 09:32:48', 1),
(832, 19, 25, 72, 53, NULL, 'TKT-6980BACA0BA1B-143', 140.00, 34.00, 134.00, 'nino', 1, '2026-01-09 13:29:33', 1),
(833, 19, 25, 73, 53, NULL, 'TKT-6980BACA0BD8C-144', 186.00, 0.00, 173.00, 'adulto', 1, '2026-01-16 09:24:14', 1),
(834, 19, 26, 73, 54, NULL, 'TKT-6980BACA0BF2F-145', 228.00, 48.00, 213.00, 'adulto', 1, '2026-01-17 17:35:55', 1),
(835, 19, 26, 74, 53, NULL, 'TKT-6980BACA0C051-146', 199.00, 49.00, 196.00, 'adulto', 1, '2026-01-15 12:05:41', 1),
(836, 19, 25, 74, 54, NULL, 'TKT-6980BACA0C144-147', 273.00, 0.00, 283.00, 'inapam', 1, '2026-01-27 22:08:26', 1),
(837, 19, 25, 75, 54, NULL, 'TKT-6980BACA0C2D9-148', 336.00, 0.00, 324.00, 'inapam', 1, '2026-01-06 15:09:53', 1),
(838, 19, 26, 75, 54, NULL, 'TKT-6980BACA0C486-149', 283.00, 0.00, 277.00, 'adulto', 1, '2026-01-15 13:19:11', 1),
(839, 19, 26, 76, 54, NULL, 'TKT-6980BACA0C63C-150', 225.00, 34.00, 238.00, 'inapam', 1, '2026-01-13 21:35:34', 1),
(840, 19, 25, 76, 54, NULL, 'TKT-6980BACA0C9BB-151', 261.00, 43.00, 248.00, 'adulto', 1, '2026-01-15 16:35:23', 1),
(841, 19, 25, 77, 54, NULL, 'TKT-6980BACA0CBA2-152', 294.00, 24.00, 300.00, 'inapam', 1, '2026-01-24 13:00:49', 1),
(842, 19, 26, 77, 53, NULL, 'TKT-6980BACA0CCCB-153', 176.00, 25.00, 177.00, 'adulto', 1, '2026-01-14 11:41:58', 1),
(843, 19, 26, 78, 53, NULL, 'TKT-6980BACA0CE08-154', 165.00, 0.00, 172.00, 'inapam', 1, '2026-01-12 11:54:53', 1),
(844, 19, 25, 78, 53, NULL, 'TKT-6980BACA0CF16-155', 121.00, 0.00, 112.00, 'nino', 1, '2026-01-18 12:24:17', 1),
(845, 19, 25, 79, 53, NULL, 'TKT-6980BACA0D04E-156', 174.00, 0.00, 181.00, 'nino', 1, '2026-01-12 10:02:43', 1),
(846, 19, 26, 79, 54, NULL, 'TKT-6980BACA0D162-157', 266.00, 44.00, 271.00, 'inapam', 1, '2026-01-20 11:11:38', 1),
(847, 19, 26, 80, 54, NULL, 'TKT-6980BACA0D25E-158', 205.00, 0.00, 205.00, 'adulto', 1, '2026-01-29 11:23:03', 1),
(848, 19, 25, 80, 54, NULL, 'TKT-6980BACA0D364-159', 256.00, 0.00, 260.00, 'adulto', 1, '2026-01-12 21:32:45', 1),
(849, 19, 25, 81, 54, NULL, 'TKT-6980BACA0D47B-160', 315.00, 50.00, 301.00, 'inapam', 1, '2026-01-17 18:25:29', 1),
(850, 19, 26, 81, 53, NULL, 'TKT-6980BACA0D751-161', 165.00, 0.00, 176.00, 'nino', 1, '2026-01-28 16:36:10', 1),
(851, 19, 26, 82, 53, NULL, 'TKT-6980BACA0DA22-162', 162.00, 0.00, 170.00, 'inapam', 1, '2026-01-18 20:54:44', 1),
(852, 19, 25, 82, 54, NULL, 'TKT-6980BACA0DBEA-163', 336.00, 0.00, 350.00, 'adulto', 1, '2026-01-15 11:44:06', 1),
(853, 19, 25, 83, 53, NULL, 'TKT-6980BACA0DCF9-164', 197.00, 0.00, 198.00, 'adulto', 1, '2026-01-05 22:12:12', 1),
(854, 19, 26, 83, 54, NULL, 'TKT-6980BACA0DDED-165', 338.00, 0.00, 330.00, 'inapam', 1, '2026-01-17 10:42:35', 1),
(855, 19, 26, 84, 54, NULL, 'TKT-6980BACA0DEEF-166', 268.00, 0.00, 272.00, 'nino', 1, '2026-01-26 12:07:25', 1),
(856, 19, 25, 84, 54, NULL, 'TKT-6980BACA0E09F-167', 330.00, 0.00, 344.00, 'inapam', 1, '2026-01-09 10:59:47', 1),
(857, 19, 25, 85, 53, NULL, 'TKT-6980BACA0E2B4-168', 114.00, 16.00, 112.00, 'inapam', 1, '2026-01-12 19:07:18', 1),
(858, 19, 26, 85, 54, NULL, 'TKT-6980BACA0F344-169', 299.00, 0.00, 285.00, 'nino', 1, '2026-01-14 10:14:54', 1),
(859, 19, 26, 86, 53, NULL, 'TKT-6980BACA0F5D1-170', 144.00, 0.00, 155.00, 'adulto', 1, '2026-01-22 10:57:17', 1),
(860, 19, 25, 86, 54, NULL, 'TKT-6980BACA0FA09-171', 242.00, 11.00, 250.00, 'inapam', 1, '2026-01-09 09:12:48', 1),
(861, 19, 25, 87, 54, NULL, 'TKT-6980BACA0FB51-172', 292.00, 0.00, 303.00, 'nino', 1, '2026-01-15 09:33:33', 1),
(862, 19, 26, 87, 53, NULL, 'TKT-6980BACA0FC7A-173', 193.00, 10.00, 203.00, 'adulto', 1, '2026-01-23 20:02:51', 1),
(863, 19, 26, 88, 53, NULL, 'TKT-6980BACA0FD82-174', 107.00, 32.00, 104.00, 'nino', 1, '2026-01-03 17:07:27', 1),
(864, 19, 25, 88, 53, NULL, 'TKT-6980BACA10050-175', 178.00, 33.00, 193.00, 'adulto', 1, '2026-02-02 20:02:15', 1),
(865, 19, 25, 89, 54, NULL, 'TKT-6980BACA10233-176', 258.00, 0.00, 250.00, 'inapam', 1, '2026-01-31 18:17:20', 1),
(866, 19, 26, 89, 54, NULL, 'TKT-6980BACA104DF-177', 330.00, 27.00, 340.00, 'inapam', 1, '2026-01-16 18:43:05', 1),
(867, 19, 26, 90, 53, NULL, 'TKT-6980BACA1067D-178', 126.00, 0.00, 112.00, 'nino', 1, '2026-01-11 20:05:37', 1),
(868, 19, 25, 90, 54, NULL, 'TKT-6980BACA107DA-179', 304.00, 14.00, 314.00, 'adulto', 1, '2026-01-11 21:33:53', 1),
(869, 19, 25, 91, 54, NULL, 'TKT-6980BACA10918-180', 241.00, 49.00, 231.00, 'inapam', 1, '2026-01-25 11:29:05', 1),
(870, 19, 26, 91, 53, NULL, 'TKT-6980BACA10B30-181', 184.00, 0.00, 183.00, 'inapam', 1, '2026-01-24 11:19:13', 1),
(871, 19, 26, 92, 54, NULL, 'TKT-6980BACA10CE1-182', 202.00, 0.00, 188.00, 'nino', 1, '2026-01-13 19:56:41', 1),
(872, 19, 25, 92, 54, NULL, 'TKT-6980BACA10E45-183', 327.00, 0.00, 318.00, 'inapam', 1, '2026-01-21 15:40:32', 1),
(873, 19, 25, 93, 53, NULL, 'TKT-6980BACA10F74-184', 101.00, 0.00, 102.00, 'inapam', 1, '2026-01-13 12:17:23', 1),
(874, 19, 26, 93, 54, NULL, 'TKT-6980BACA110A6-185', 202.00, 15.00, 191.00, 'adulto', 1, '2026-01-08 14:01:45', 1),
(875, 19, 26, 94, 53, NULL, 'TKT-6980BACA111CA-186', 175.00, 0.00, 163.00, 'inapam', 1, '2026-01-09 10:16:03', 1),
(876, 19, 25, 94, 54, NULL, 'TKT-6980BACA112E2-187', 293.00, 0.00, 296.00, 'adulto', 1, '2026-01-04 11:36:50', 1),
(877, 19, 25, 95, 53, NULL, 'TKT-6980BACA11435-188', 180.00, 0.00, 170.00, 'inapam', 1, '2026-01-07 17:08:35', 1),
(878, 19, 26, 95, 53, NULL, 'TKT-6980BACA11837-189', 107.00, 16.00, 122.00, 'inapam', 1, '2026-01-21 12:13:21', 1),
(879, 19, 26, 96, 54, NULL, 'TKT-6980BACA11A0F-190', 285.00, 20.00, 290.00, 'nino', 1, '2026-01-09 12:13:23', 1),
(880, 19, 25, 96, 53, NULL, 'TKT-6980BACA11D49-191', 194.00, 0.00, 193.00, 'adulto', 1, '2026-01-24 12:10:10', 1),
(881, 19, 25, 97, 53, NULL, 'TKT-6980BACA11ED4-192', 185.00, 0.00, 171.00, 'nino', 1, '2026-01-21 14:33:06', 1),
(882, 19, 26, 97, 53, NULL, 'TKT-6980BACA12046-193', 181.00, 47.00, 189.00, 'nino', 1, '2026-01-24 22:29:48', 1),
(883, 19, 26, 98, 54, NULL, 'TKT-6980BACA121C1-194', 255.00, 0.00, 253.00, 'nino', 1, '2026-01-17 22:38:12', 1),
(884, 19, 25, 98, 54, NULL, 'TKT-6980BACA122CB-195', 277.00, 37.00, 284.00, 'nino', 1, '2026-01-16 13:09:48', 1),
(885, 19, 25, 99, 53, NULL, 'TKT-6980BACA123FE-196', 178.00, 0.00, 183.00, 'inapam', 1, '2026-01-07 09:02:00', 1),
(886, 19, 26, 99, 54, NULL, 'TKT-6980BACA1259E-197', 304.00, 0.00, 304.00, 'nino', 1, '2026-01-15 15:47:04', 1),
(887, 19, 26, 100, 53, NULL, 'TKT-6980BACA12893-198', 160.00, 0.00, 167.00, 'adulto', 1, '2026-01-20 20:13:23', 1),
(888, 19, 25, 100, 54, NULL, 'TKT-6980BACA12B01-199', 317.00, 0.00, 329.00, 'nino', 1, '2026-01-11 14:27:51', 1),
(889, 19, 25, 101, 54, NULL, 'TKT-6980BACA12CAE-200', 321.00, 0.00, 325.00, 'inapam', 1, '2026-01-24 19:50:23', 1),
(890, 19, 26, 101, 53, NULL, 'TKT-6980BACA12ED1-201', 191.00, 0.00, 176.00, 'inapam', 1, '2026-01-14 20:44:14', 1),
(891, 19, 26, 102, 54, NULL, 'TKT-6980BACA1302A-202', 334.00, 24.00, 320.00, 'nino', 1, '2026-01-22 11:50:11', 1),
(892, 19, 25, 102, 54, NULL, 'TKT-6980BACA13138-203', 300.00, 27.00, 301.00, 'inapam', 1, '2026-01-11 21:59:48', 1),
(893, 19, 25, 103, 53, NULL, 'TKT-6980BACA13318-204', 135.00, 0.00, 131.00, 'nino', 1, '2026-01-28 12:53:19', 1),
(894, 19, 26, 103, 54, NULL, 'TKT-6980BACA135B5-205', 340.00, 49.00, 336.00, 'inapam', 1, '2026-01-09 09:23:04', 1),
(895, 19, 26, 104, 53, NULL, 'TKT-6980BACA1387F-206', 165.00, 38.00, 179.00, 'inapam', 1, '2026-01-17 20:25:27', 1),
(896, 19, 25, 104, 53, NULL, 'TKT-6980BACA139CD-207', 162.00, 27.00, 169.00, 'adulto', 1, '2026-01-04 18:33:32', 1),
(897, 19, 25, 105, 53, NULL, 'TKT-6980BACA13ACA-208', 177.00, 0.00, 176.00, 'nino', 1, '2026-01-05 09:52:25', 1),
(898, 19, 26, 105, 54, NULL, 'TKT-6980BACA13BEF-209', 300.00, 0.00, 306.00, 'adulto', 1, '2026-01-20 20:55:54', 1),
(899, 19, 26, 106, 54, NULL, 'TKT-6980BACA13D14-210', 281.00, 0.00, 273.00, 'adulto', 1, '2026-01-20 18:52:40', 1),
(900, 19, 25, 106, 54, NULL, 'TKT-6980BACA13F4E-211', 301.00, 0.00, 302.00, 'inapam', 1, '2026-01-16 22:29:43', 1),
(901, 19, 25, 107, 54, NULL, 'TKT-6980BACA1411C-212', 303.00, 14.00, 298.00, 'adulto', 1, '2026-01-05 13:59:41', 1),
(902, 19, 26, 107, 54, NULL, 'TKT-6980BACA1423F-213', 331.00, 47.00, 338.00, 'nino', 1, '2026-01-09 20:18:40', 1),
(903, 19, 26, 108, 54, NULL, 'TKT-6980BACA14424-214', 215.00, 36.00, 210.00, 'adulto', 1, '2026-01-22 21:47:57', 1),
(904, 19, 25, 108, 54, NULL, 'TKT-6980BACA146DC-215', 280.00, 50.00, 276.00, 'inapam', 1, '2026-01-04 14:39:25', 1),
(905, 19, 25, 109, 54, NULL, 'TKT-6980BACA14979-216', 273.00, 20.00, 280.00, 'inapam', 1, '2026-02-02 20:48:30', 1),
(906, 19, 26, 109, 53, NULL, 'TKT-6980BACA14BF5-217', 188.00, 18.00, 199.00, 'adulto', 1, '2026-01-06 13:44:30', 1),
(907, 19, 26, 110, 53, NULL, 'TKT-6980BACA14D9A-218', 133.00, 0.00, 137.00, 'nino', 1, '2026-01-12 22:46:35', 1),
(908, 19, 25, 110, 54, NULL, 'TKT-6980BACA14F45-219', 207.00, 0.00, 217.00, 'adulto', 1, '2026-02-02 22:07:10', 1),
(909, 19, 25, 111, 53, NULL, 'TKT-6980BACA150F0-220', 178.00, 17.00, 179.00, 'inapam', 1, '2026-01-08 15:34:38', 1),
(910, 19, 26, 111, 53, NULL, 'TKT-6980BACA1609C-221', 113.00, 45.00, 116.00, 'nino', 1, '2026-01-11 10:55:45', 1),
(911, 19, 26, 112, 53, NULL, 'TKT-6980BACA16379-222', 197.00, 14.00, 193.00, 'nino', 1, '2026-01-23 13:59:25', 1),
(912, 19, 25, 112, 53, NULL, 'TKT-6980BACA16757-223', 119.00, 29.00, 123.00, 'adulto', 1, '2026-01-06 17:46:40', 1),
(913, 19, 25, 113, 53, NULL, 'TKT-6980BACA16946-224', 159.00, 0.00, 174.00, 'adulto', 1, '2026-01-16 14:35:27', 1),
(914, 19, 26, 113, 54, NULL, 'TKT-6980BACA16AA7-225', 214.00, 0.00, 224.00, 'inapam', 1, '2026-01-22 22:55:01', 1),
(915, 19, 26, 114, 54, NULL, 'TKT-6980BACA16BB5-226', 335.00, 15.00, 348.00, 'adulto', 1, '2026-01-05 09:01:44', 1),
(916, 19, 25, 114, 54, NULL, 'TKT-6980BACA16CAF-227', 293.00, 0.00, 304.00, 'nino', 1, '2026-01-11 09:22:51', 1),
(917, 19, 25, 115, 53, NULL, 'TKT-6980BACA16DDE-228', 120.00, 0.00, 106.00, 'inapam', 1, '2026-01-09 20:08:18', 1),
(918, 19, 26, 115, 54, NULL, 'TKT-6980BACA16FBB-229', 232.00, 29.00, 240.00, 'adulto', 1, '2026-01-22 19:29:46', 1),
(919, 19, 26, 116, 53, NULL, 'TKT-6980BACA170C6-230', 131.00, 0.00, 125.00, 'nino', 1, '2026-01-30 15:15:06', 1),
(920, 19, 25, 116, 53, NULL, 'TKT-6980BACA1728B-231', 152.00, 0.00, 158.00, 'adulto', 1, '2026-02-02 10:23:02', 1),
(921, 19, 25, 117, 54, NULL, 'TKT-6980BACA1739B-232', 271.00, 41.00, 281.00, 'nino', 1, '2026-01-22 12:58:53', 1),
(922, 19, 26, 117, 54, NULL, 'TKT-6980BACA17500-233', 331.00, 0.00, 342.00, 'nino', 1, '2026-01-11 16:25:35', 1),
(923, 19, 26, 118, 53, NULL, 'TKT-6980BACA175FB-234', 141.00, 33.00, 143.00, 'adulto', 1, '2026-01-23 12:37:06', 1),
(924, 19, 25, 118, 53, NULL, 'TKT-6980BACA1773D-235', 152.00, 25.00, 144.00, 'adulto', 1, '2026-01-23 10:52:19', 1),
(925, 19, 25, 119, 53, NULL, 'TKT-6980BACA17842-236', 161.00, 0.00, 172.00, 'inapam', 1, '2026-01-24 15:36:22', 1),
(926, 19, 26, 119, 53, NULL, 'TKT-6980BACA179B1-237', 105.00, 0.00, 119.00, 'nino', 1, '2026-01-04 19:27:00', 1),
(927, 19, 26, 120, 53, NULL, 'TKT-6980BACA17AD2-238', 172.00, 17.00, 176.00, 'nino', 1, '2026-01-27 17:05:33', 1),
(928, 19, 25, 120, 53, NULL, 'TKT-6980BACA17C0E-239', 102.00, 0.00, 107.00, 'inapam', 1, '2026-02-02 17:51:26', 1),
(929, 19, 25, 121, 54, NULL, 'TKT-6980BACA17CFF-240', 208.00, 45.00, 202.00, 'adulto', 1, '2026-01-21 18:29:39', 1),
(930, 19, 26, 121, 53, NULL, 'TKT-6980BACA17EFC-241', 150.00, 0.00, 153.00, 'inapam', 1, '2026-01-28 21:48:35', 1),
(931, 19, 26, 122, 54, NULL, 'TKT-6980BACA180E5-242', 206.00, 0.00, 202.00, 'adulto', 1, '2026-01-31 12:13:12', 1),
(932, 19, 25, 122, 54, NULL, 'TKT-6980BACA18255-243', 275.00, 0.00, 268.00, 'adulto', 1, '2026-01-20 10:16:49', 1),
(933, 19, 25, 123, 53, NULL, 'TKT-6980BACA183AD-244', 119.00, 0.00, 120.00, 'nino', 1, '2026-02-02 17:13:38', 1),
(934, 19, 26, 123, 53, NULL, 'TKT-6980BACA185C2-245', 106.00, 0.00, 99.00, 'inapam', 1, '2026-01-10 21:58:45', 1),
(935, 19, 26, 124, 53, NULL, 'TKT-6980BACA18784-246', 160.00, 0.00, 163.00, 'inapam', 1, '2026-01-12 10:54:14', 1),
(936, 19, 25, 124, 54, NULL, 'TKT-6980BACA188D3-247', 261.00, 0.00, 263.00, 'nino', 1, '2026-01-17 17:14:06', 1),
(937, 19, 25, 125, 54, NULL, 'TKT-6980BACA18A3E-248', 346.00, 35.00, 342.00, 'inapam', 1, '2026-01-18 20:45:57', 1),
(938, 19, 26, 125, 53, NULL, 'TKT-6980BACA18C1B-249', 159.00, 0.00, 150.00, 'nino', 1, '2026-01-06 13:04:06', 1),
(939, 19, 26, 126, 53, NULL, 'TKT-6980BACA18D7B-250', 192.00, 27.00, 177.00, 'adulto', 1, '2026-01-12 13:46:02', 1),
(940, 19, 25, 126, 54, NULL, 'TKT-6980BACA19036-251', 295.00, 0.00, 307.00, 'inapam', 1, '2026-01-08 16:23:50', 1),
(941, 19, 25, 127, 54, NULL, 'TKT-6980BACA19155-252', 290.00, 0.00, 295.00, 'adulto', 1, '2026-01-16 14:02:23', 1),
(942, 19, 26, 127, 53, NULL, 'TKT-6980BACA19248-253', 129.00, 0.00, 115.00, 'inapam', 1, '2026-01-06 21:13:21', 1),
(943, 19, 26, 128, 53, NULL, 'TKT-6980BACA19374-254', 166.00, 32.00, 164.00, 'nino', 1, '2026-01-17 17:32:52', 1),
(944, 19, 25, 128, 54, NULL, 'TKT-6980BACA1948D-255', 229.00, 0.00, 229.00, 'adulto', 1, '2026-01-03 17:54:11', 1);

-- --------------------------------------------------------

--
-- Estructura de tabla para la tabla `cambios_log`
--

DROP TABLE IF EXISTS `cambios_log`;
CREATE TABLE IF NOT EXISTS `cambios_log` (
  `id_cambio` int NOT NULL AUTO_INCREMENT,
  `tipo_cambio` enum('venta','cancelacion','evento','categoria','descuento','mapa','funcion','precio') COLLATE utf8mb4_general_ci NOT NULL,
  `id_evento` int DEFAULT NULL,
  `id_funcion` int DEFAULT NULL,
  `datos` longtext CHARACTER SET utf8mb4 COLLATE utf8mb4_bin,
  `fecha_cambio` timestamp NOT NULL DEFAULT CURRENT_TIMESTAMP,
  `procesado` tinyint(1) DEFAULT '0',
  PRIMARY KEY (`id_cambio`),
  KEY `idx_fecha` (`fecha_cambio`),
  KEY `idx_tipo` (`tipo_cambio`)
) ENGINE=InnoDB AUTO_INCREMENT=65 DEFAULT CHARSET=utf8mb4 COLLATE=utf8mb4_general_ci;

--
-- Volcado de datos para la tabla `cambios_log`
--

INSERT INTO `cambios_log` (`id_cambio`, `tipo_cambio`, `id_evento`, `id_funcion`, `datos`, `fecha_cambio`, `procesado`) VALUES
(63, 'evento', 20, NULL, '{\"accion\":\"archivar\"}', '2026-02-05 02:30:12', 0),
(64, 'evento', 18, NULL, '{\"accion\":\"archivar\"}', '2026-02-05 03:07:41', 0);

-- --------------------------------------------------------

--
-- Estructura de tabla para la tabla `categorias`
--

DROP TABLE IF EXISTS `categorias`;
CREATE TABLE IF NOT EXISTS `categorias` (
  `id_categoria` int NOT NULL AUTO_INCREMENT,
  `id_evento` int DEFAULT NULL,
  `nombre_categoria` varchar(50) COLLATE utf8mb4_general_ci NOT NULL COMMENT 'Ej: General, VIP, Balcón',
  `precio` decimal(10,2) NOT NULL COMMENT 'Precio base para esta categoría',
  `color` varchar(10) COLLATE utf8mb4_general_ci DEFAULT '#E0E0E0' COMMENT 'Color hexadecimal para la UI (ej: #FF0000)',
  PRIMARY KEY (`id_categoria`),
  UNIQUE KEY `idx_evento_categoria` (`id_evento`,`nombre_categoria`),
  KEY `idx_id_evento` (`id_evento`)
) ENGINE=InnoDB AUTO_INCREMENT=58 DEFAULT CHARSET=utf8mb4 COLLATE=utf8mb4_general_ci;

--
-- Volcado de datos para la tabla `categorias`
--

INSERT INTO `categorias` (`id_categoria`, `id_evento`, `nombre_categoria`, `precio`, `color`) VALUES
(53, NULL, 'General', 0.00, '#E0E0E0'),
(54, NULL, 'Preferente', 0.00, '#E0E0E0');

-- --------------------------------------------------------

--
-- Estructura de tabla para la tabla `configuracion`
--

DROP TABLE IF EXISTS `configuracion`;
CREATE TABLE IF NOT EXISTS `configuracion` (
  `id` int NOT NULL AUTO_INCREMENT,
  `clave_nombre` varchar(50) COLLATE utf8mb4_general_ci NOT NULL COMMENT 'Nombre de la configuración',
  `clave_valor` text COLLATE utf8mb4_general_ci NOT NULL COMMENT 'Valor de la configuración',
  `descripcion` varchar(255) COLLATE utf8mb4_general_ci DEFAULT NULL,
  `fecha_modificacion` timestamp NOT NULL DEFAULT CURRENT_TIMESTAMP ON UPDATE CURRENT_TIMESTAMP,
  PRIMARY KEY (`id`),
  KEY `clave_nombre` (`clave_nombre`)
) ENGINE=InnoDB DEFAULT CHARSET=utf8mb4 COLLATE=utf8mb4_general_ci;

-- --------------------------------------------------------

--
-- Estructura de tabla para la tabla `evento`
--

DROP TABLE IF EXISTS `evento`;
CREATE TABLE IF NOT EXISTS `evento` (
  `id_evento` int NOT NULL AUTO_INCREMENT,
  `titulo` varchar(255) COLLATE utf8mb4_general_ci NOT NULL,
  `descripcion` text COLLATE utf8mb4_general_ci,
  `imagen` varchar(255) COLLATE utf8mb4_general_ci DEFAULT NULL,
  `tipo` int NOT NULL COMMENT '1 = 420 asientos, 2 = 540 asientos',
  `inicio_venta` datetime NOT NULL,
  `cierre_venta` datetime NOT NULL,
  `finalizado` int NOT NULL DEFAULT '0' COMMENT '0=activo, 1=finalizado',
  `mapa_json` text COLLATE utf8mb4_general_ci COMMENT 'Almacena las asignaciones del mapa en formato JSON',
  PRIMARY KEY (`id_evento`)
) ENGINE=InnoDB AUTO_INCREMENT=21 DEFAULT CHARSET=utf8mb4 COLLATE=utf8mb4_general_ci;

--
-- Volcado de datos para la tabla `evento`
--

INSERT INTO `evento` (`id_evento`, `titulo`, `descripcion`, `imagen`, `tipo`, `inicio_venta`, `cierre_venta`, `finalizado`, `mapa_json`) VALUES
(17, 'El Rey León - Musical', 'Una producción espectacular que cautivará al público con su increíble puesta en escena.', 'uploads/default_event.jpg', 1, '2026-02-02 12:00:00', '2026-02-18 14:00:00', 0, NULL),
(19, 'El Fantasma de la Ópera', 'Una producción espectacular que cautivará al público con su increíble puesta en escena.', 'uploads/default_event.jpg', 1, '2026-01-03 14:55:05', '2026-04-03 14:55:05', 0, NULL);

-- --------------------------------------------------------

--
-- Estructura de tabla para la tabla `funciones`
--

DROP TABLE IF EXISTS `funciones`;
CREATE TABLE IF NOT EXISTS `funciones` (
  `id_funcion` int NOT NULL AUTO_INCREMENT,
  `id_evento` int NOT NULL,
  `fecha_hora` datetime NOT NULL,
  `estado` tinyint(1) NOT NULL,
  PRIMARY KEY (`id_funcion`),
  KEY `id_evento_idx` (`id_evento`)
) ENGINE=InnoDB AUTO_INCREMENT=30 DEFAULT CHARSET=utf8mb4 COLLATE=utf8mb4_general_ci;

--
-- Volcado de datos para la tabla `funciones`
--

INSERT INTO `funciones` (`id_funcion`, `id_evento`, `fecha_hora`, `estado`) VALUES
(20, 17, '2026-02-28 20:00:00', 0),
(21, 17, '2026-03-21 16:00:00', 0),
(25, 19, '2026-02-11 16:00:00', 0),
(26, 19, '2026-03-26 16:00:00', 0),
(27, 17, '2026-02-18 12:00:00', 0);

-- --------------------------------------------------------

--
-- Estructura de tabla para la tabla `precios_tipo_boleto`
--

DROP TABLE IF EXISTS `precios_tipo_boleto`;
CREATE TABLE IF NOT EXISTS `precios_tipo_boleto` (
  `id` int NOT NULL AUTO_INCREMENT,
  `id_evento` int DEFAULT NULL COMMENT 'NULL = precio global para todos los eventos',
  `tipo_boleto` varchar(50) COLLATE utf8mb4_general_ci NOT NULL,
  `precio` decimal(10,2) NOT NULL DEFAULT '0.00',
  `activo` tinyint(1) DEFAULT '1',
  `fecha_creacion` datetime DEFAULT CURRENT_TIMESTAMP,
  `usa_diferenciados` tinyint(1) DEFAULT '0',
  PRIMARY KEY (`id`),
  UNIQUE KEY `unique_evento_tipo` (`id_evento`,`tipo_boleto`)
) ENGINE=InnoDB AUTO_INCREMENT=26 DEFAULT CHARSET=utf8mb4 COLLATE=utf8mb4_general_ci;

--
-- Volcado de datos para la tabla `precios_tipo_boleto`
--

INSERT INTO `precios_tipo_boleto` (`id`, `id_evento`, `tipo_boleto`, `precio`, `activo`, `fecha_creacion`, `usa_diferenciados`) VALUES
(1, NULL, 'general', 80.00, 1, '2026-01-30 08:54:29', 0),
(2, NULL, 'general', 50.00, 1, '2026-01-30 09:00:47', 1),
(3, NULL, 'nino', 30.00, 1, '2026-01-30 09:00:47', 1),
(4, NULL, 'adulto_mayor', 20.00, 1, '2026-01-30 09:00:47', 1),
(5, NULL, 'discapacitado', 10.00, 1, '2026-01-30 09:00:47', 1),
(6, NULL, 'cortesia', 0.00, 1, '2026-01-30 09:00:47', 1),
(7, NULL, 'adulto', 50.00, 1, '2026-01-30 09:00:47', 1),
(8, NULL, 'general', 50.00, 1, '2026-01-30 09:04:46', 1),
(9, NULL, 'nino', 30.00, 1, '2026-01-30 09:04:46', 1),
(10, NULL, 'adulto_mayor', 20.00, 1, '2026-01-30 09:04:46', 1),
(11, NULL, 'discapacitado', 10.00, 1, '2026-01-30 09:04:46', 1),
(12, NULL, 'cortesia', 0.00, 1, '2026-01-30 09:04:46', 1),
(13, NULL, 'adulto', 50.00, 1, '2026-01-30 09:04:46', 1),
(14, NULL, 'general', 50.00, 1, '2026-01-30 09:04:56', 1),
(15, NULL, 'nino', 30.00, 1, '2026-01-30 09:04:56', 1),
(16, NULL, 'adulto_mayor', 20.00, 1, '2026-01-30 09:04:56', 1),
(17, NULL, 'discapacitado', 10.00, 1, '2026-01-30 09:04:56', 1),
(18, NULL, 'cortesia', 0.00, 1, '2026-01-30 09:04:56', 1),
(19, NULL, 'adulto', 50.00, 1, '2026-01-30 09:04:56', 1),
(20, NULL, 'general', 50.00, 1, '2026-01-30 09:45:30', 1),
(21, NULL, 'nino', 30.00, 1, '2026-01-30 09:45:30', 1),
(22, NULL, 'adulto_mayor', 20.00, 1, '2026-01-30 09:45:30', 1),
(23, NULL, 'discapacitado', 10.00, 1, '2026-01-30 09:45:30', 1),
(24, NULL, 'cortesia', 0.00, 1, '2026-01-30 09:45:30', 1),
(25, NULL, 'adulto', 50.00, 1, '2026-01-30 09:45:30', 1);

-- --------------------------------------------------------

--
-- Estructura de tabla para la tabla `promociones`
--

DROP TABLE IF EXISTS `promociones`;
CREATE TABLE IF NOT EXISTS `promociones` (
  `id_promocion` int NOT NULL AUTO_INCREMENT,
  `nombre` varchar(100) COLLATE utf8mb4_general_ci NOT NULL COMMENT 'Nombre (ej: Early Bird, Cupón Verano)',
  `precio` int NOT NULL,
  `id_evento` int DEFAULT NULL COMMENT 'NULO = aplica a todos los eventos',
  `id_categoria` int DEFAULT NULL COMMENT 'NULO = aplica a todas las categorías',
  `fecha_desde` datetime DEFAULT NULL COMMENT 'NULO = sin fecha de inicio',
  `fecha_hasta` datetime DEFAULT NULL COMMENT 'NULO = sin fecha de fin',
  `min_cantidad` int NOT NULL DEFAULT '1' COMMENT 'Mínimo de boletos para aplicar',
  `tipo_regla` enum('automatica','codigo') COLLATE utf8mb4_general_ci NOT NULL DEFAULT 'automatica',
  `codigo` varchar(50) COLLATE utf8mb4_general_ci DEFAULT NULL COMMENT 'El código a escribir (ej: VERANO20)',
  `modo_calculo` enum('porcentaje','fijo') COLLATE utf8mb4_general_ci NOT NULL COMMENT 'Si descuenta % o un monto fijo $',
  `valor` decimal(10,2) NOT NULL COMMENT 'El valor (ej: 20.00 para 20%)',
  `condiciones` varchar(255) COLLATE utf8mb4_general_ci DEFAULT NULL,
  `activo` tinyint(1) NOT NULL DEFAULT '1',
  PRIMARY KEY (`id_promocion`),
  UNIQUE KEY `idx_codigo` (`codigo`),
  KEY `id_evento` (`id_evento`),
  KEY `id_categoria` (`id_categoria`)
) ENGINE=InnoDB AUTO_INCREMENT=4 DEFAULT CHARSET=utf8mb4 COLLATE=utf8mb4_general_ci;

--
-- Volcado de datos para la tabla `promociones`
--

INSERT INTO `promociones` (`id_promocion`, `nombre`, `precio`, `id_evento`, `id_categoria`, `fecha_desde`, `fecha_hasta`, `min_cantidad`, `tipo_regla`, `codigo`, `modo_calculo`, `valor`, `condiciones`, `activo`) VALUES
(1, 'General -$50.00', 80, NULL, NULL, '2026-01-26 00:00:00', '2026-01-31 23:59:59', 2, 'automatica', NULL, 'fijo', 50.00, 'si', 1);

-- --------------------------------------------------------

--
-- Estructura de tabla para la tabla `transacciones`
--

DROP TABLE IF EXISTS `transacciones`;
CREATE TABLE IF NOT EXISTS `transacciones` (
  `id_transaccion` int NOT NULL AUTO_INCREMENT,
  `id_usuario` int NOT NULL,
  `accion` varchar(100) COLLATE utf8mb4_general_ci NOT NULL,
  `descripcion` text COLLATE utf8mb4_general_ci,
  `datos_json` longtext COLLATE utf8mb4_general_ci,
  `fecha_hora` datetime NOT NULL DEFAULT CURRENT_TIMESTAMP,
  PRIMARY KEY (`id_transaccion`),
  KEY `idx_usuario_fecha` (`id_usuario`,`fecha_hora`)
) ENGINE=InnoDB AUTO_INCREMENT=374 DEFAULT CHARSET=utf8mb4 COLLATE=utf8mb4_general_ci;

--
-- Volcado de datos para la tabla `transacciones`
--

INSERT INTO `transacciones` (`id_transaccion`, `id_usuario`, `accion`, `descripcion`, `datos_json`, `fecha_hora`) VALUES
(105, 1, 'admin_panel', 'Ingreso al panel de administración', NULL, '2026-01-26 12:04:40'),
(106, 1, 'login', 'Inicio de sesión', NULL, '2026-01-26 12:12:43'),
(107, 1, 'admin_panel', 'Ingreso al panel de administración', NULL, '2026-01-26 12:12:54'),
(108, 1, 'usuario_crear', 'Nuevo usuario creado: prueba prueba (ID: 7, Rol: empleado)', NULL, '2026-01-26 12:13:28'),
(109, 1, 'logout', 'Cierre de sesión', NULL, '2026-01-26 12:13:47'),
(110, 7, 'login', 'Inicio de sesión', NULL, '2026-01-26 12:13:58'),
(111, 7, 'logout', 'Cierre de sesión', NULL, '2026-01-26 12:14:13'),
(112, 1, 'login', 'Inicio de sesión', NULL, '2026-01-26 12:14:23'),
(113, 1, 'admin_panel', 'Ingreso al panel de administración', NULL, '2026-01-26 12:14:34'),
(114, 1, 'evento_crear', 'Creó evento: baile 2025', NULL, '2026-01-26 12:15:01'),
(115, 1, 'evento_crear', 'Creó evento: baile 2030', NULL, '2026-01-26 12:15:47'),
(116, 1, 'logout', 'Cierre de sesión', NULL, '2026-01-26 12:16:08'),
(117, 7, 'login', 'Inicio de sesión', NULL, '2026-01-26 12:16:26'),
(118, 7, 'venta', 'Venta de 2 boleto(s) - Evento: baile 2025 - Asientos: A21, A22 - Total: $80.00', '{\"evento\":{\"id\":9,\"titulo\":\"baile 2025\"},\"funcion\":{\"id\":12,\"fecha_hora\":\"2026-01-29 12:00:00\"},\"boletos\":[{\"asiento\":\"A21\",\"codigo_unico\":\"CEEFC919D558E996\",\"precio\":80,\"tipo_boleto\":\"adulto\"},{\"asiento\":\"A22\",\"codigo_unico\":\"23654B0F459FC21C\",\"precio\":0,\"tipo_boleto\":\"cortesia\"}],\"total\":80,\"usuario_vendedor\":7}', '2026-01-26 12:22:59'),
(119, 7, 'logout', 'Cierre de sesión', NULL, '2026-01-26 12:23:35'),
(120, 1, 'login', 'Inicio de sesión', NULL, '2026-01-26 12:23:45'),
(121, 1, 'admin_panel', 'Ingreso al panel de administración', NULL, '2026-01-26 12:23:56'),
(122, 1, 'promocion_crear', 'Creó promoción ID 1 para evento ID global', NULL, '2026-01-26 12:24:54'),
(123, 1, 'categoria_crear', 'Creó categoría: vip', NULL, '2026-01-26 12:25:25'),
(124, 1, 'logout', 'Cierre de sesión', NULL, '2026-01-26 12:26:50'),
(125, 7, 'login', 'Inicio de sesión', NULL, '2026-01-26 12:27:19'),
(126, 7, 'logout', 'Cierre de sesión', NULL, '2026-01-26 12:28:36'),
(127, 1, 'login', 'Inicio de sesión', NULL, '2026-01-26 12:28:47'),
(128, 1, 'admin_panel', 'Ingreso al panel de administración', NULL, '2026-01-26 12:28:57'),
(129, 1, 'logout', 'Cierre de sesión', NULL, '2026-01-26 12:30:15'),
(130, 7, 'login', 'Inicio de sesión', NULL, '2026-01-26 12:30:23'),
(131, 1, 'login', 'Inicio de sesión', NULL, '2026-01-26 15:49:56'),
(132, 1, 'admin_panel', 'Ingreso al panel de administración', NULL, '2026-01-26 15:50:06'),
(133, 1, 'evento_archivar', 'Archivó evento ID 10', NULL, '2026-01-26 15:50:33'),
(134, 1, 'evento_archivar', 'Archivó evento ID 9', NULL, '2026-01-26 15:51:05'),
(135, 1, 'login', 'Inicio de sesión', NULL, '2026-01-26 17:58:08'),
(136, 1, 'admin_panel', 'Ingreso al panel de administración', NULL, '2026-01-26 17:58:19'),
(137, 1, 'admin_panel', 'Ingreso al panel de administración', NULL, '2026-01-26 18:14:33'),
(138, 1, 'evento_crear', 'Creó evento: baile 2030', NULL, '2026-01-26 18:15:18'),
(139, 1, 'venta', 'Venta de 3 boleto(s) - Evento: baile 2030 - Asientos: I20, I19, I18 - Total: $240.00', '{\"evento\":{\"id\":11,\"titulo\":\"baile 2030\"},\"funcion\":{\"id\":14,\"fecha_hora\":\"2026-01-29 12:00:00\"},\"boletos\":[{\"asiento\":\"I20\",\"codigo_unico\":\"D7767BC68D265B75\",\"precio\":80,\"tipo_boleto\":\"adulto\"},{\"asiento\":\"I19\",\"codigo_unico\":\"4D1897B608658E9F\",\"precio\":80,\"tipo_boleto\":\"adulto\"},{\"asiento\":\"I18\",\"codigo_unico\":\"207DD78E71560A74\",\"precio\":80,\"tipo_boleto\":\"adulto\"}],\"total\":240,\"usuario_vendedor\":1}', '2026-01-26 18:16:08'),
(140, 1, 'admin_panel', 'Ingreso al panel de administración', NULL, '2026-01-26 18:22:01'),
(141, 1, 'venta', 'Venta de 1 boleto(s) - Evento: baile 2030 - Asientos: I17 - Total: $80.00', '{\"evento\":{\"id\":11,\"titulo\":\"baile 2030\"},\"funcion\":{\"id\":14,\"fecha_hora\":\"2026-01-29 12:00:00\"},\"boletos\":[{\"asiento\":\"I17\",\"codigo_unico\":\"5796D7CC0C31F2A3\",\"precio\":80,\"tipo_boleto\":\"adulto\"}],\"total\":80,\"usuario_vendedor\":1}', '2026-01-26 18:22:33'),
(142, 1, 'admin_panel', 'Ingreso al panel de administración', NULL, '2026-01-26 18:24:57'),
(143, 1, 'venta', 'Venta de 1 boleto(s) - Evento: baile 2030 - Asientos: I15 - Total: $80.00', '{\"evento\":{\"id\":11,\"titulo\":\"baile 2030\"},\"funcion\":{\"id\":14,\"fecha_hora\":\"2026-01-29 12:00:00\"},\"boletos\":[{\"asiento\":\"I15\",\"codigo_unico\":\"E9FDFE22AE02F762\",\"precio\":80,\"tipo_boleto\":\"adulto\"}],\"total\":80,\"usuario_vendedor\":1}', '2026-01-26 18:25:27'),
(144, 1, 'admin_panel', 'Ingreso al panel de administración', NULL, '2026-01-26 18:29:23'),
(145, 1, 'venta', 'Venta de 1 boleto(s) - Evento: baile 2030 - Asientos: I13 - Total: $80.00', '{\"evento\":{\"id\":11,\"titulo\":\"baile 2030\"},\"funcion\":{\"id\":14,\"fecha_hora\":\"2026-01-29 12:00:00\"},\"boletos\":[{\"asiento\":\"I13\",\"codigo_unico\":\"BB13DF3E8D33F9D5\",\"precio\":80,\"tipo_boleto\":\"adulto\"}],\"total\":80,\"usuario_vendedor\":1}', '2026-01-26 18:29:59'),
(146, 1, 'admin_panel', 'Ingreso al panel de administración', NULL, '2026-01-26 18:47:11'),
(147, 1, 'venta', 'Venta de 1 boleto(s) - Evento: baile 2030 - Asientos: I11 - Total: $80.00', '{\"evento\":{\"id\":11,\"titulo\":\"baile 2030\"},\"funcion\":{\"id\":14,\"fecha_hora\":\"2026-01-29 12:00:00\"},\"boletos\":[{\"asiento\":\"I11\",\"codigo_unico\":\"B63AE6D83C57B0CC\",\"precio\":80,\"tipo_boleto\":\"adulto\"}],\"total\":80,\"usuario_vendedor\":1}', '2026-01-26 18:47:39'),
(148, 1, 'admin_panel', 'Ingreso al panel de administración', NULL, '2026-01-26 18:56:22'),
(149, 1, 'admin_panel', 'Ingreso al panel de administración', NULL, '2026-01-26 18:57:00'),
(150, 1, 'login', 'Inicio de sesión', NULL, '2026-01-27 10:42:06'),
(151, 1, 'admin_panel', 'Ingreso al panel de administración', NULL, '2026-01-27 10:42:17'),
(152, 1, 'categoria_crear', 'Creó categoría: vip', NULL, '2026-01-27 10:42:44'),
(153, 1, 'promocion_crear', 'Creó promoción ID 2 para evento ID 11', NULL, '2026-01-27 10:43:38'),
(154, 1, 'admin_panel', 'Ingreso al panel de administración', NULL, '2026-01-27 10:49:08'),
(155, 1, 'logout', 'Cierre de sesión', NULL, '2026-01-27 10:50:23'),
(156, 7, 'login', 'Inicio de sesión', NULL, '2026-01-27 10:50:30'),
(157, 7, 'logout', 'Cierre de sesión', NULL, '2026-01-27 10:52:18'),
(158, 1, 'login', 'Inicio de sesión', NULL, '2026-01-27 10:52:26'),
(159, 1, 'admin_panel', 'Ingreso al panel de administración', NULL, '2026-01-27 10:52:37'),
(160, 1, 'login', 'Inicio de sesión', NULL, '2026-01-27 12:22:02'),
(161, 1, 'admin_panel', 'Ingreso al panel de administración', NULL, '2026-01-27 12:22:13'),
(162, 1, 'admin_panel', 'Ingreso al panel de administración', NULL, '2026-01-27 12:23:48'),
(163, 1, 'admin_panel', 'Ingreso al panel de administración', NULL, '2026-01-27 12:38:08'),
(164, 1, 'admin_panel', 'Ingreso al panel de administración', NULL, '2026-01-27 12:44:04'),
(165, 1, 'admin_panel', 'Ingreso al panel de administración', NULL, '2026-01-27 12:55:15'),
(166, 1, 'categoria_crear', 'Creó categoría: HOLA', NULL, '2026-01-27 12:55:59'),
(167, 1, 'admin_panel', 'Ingreso al panel de administración', NULL, '2026-01-27 12:56:39'),
(168, 1, 'admin_panel', 'Ingreso al panel de administración', NULL, '2026-01-27 13:00:18'),
(169, 1, 'admin_panel', 'Ingreso al panel de administración', NULL, '2026-01-27 13:12:22'),
(170, 1, 'login', 'Inicio de sesión', NULL, '2026-01-27 20:52:30'),
(171, 1, 'admin_panel', 'Ingreso al panel de administración', NULL, '2026-01-27 20:52:40'),
(172, 1, 'promocion_crear', 'Creó promoción ID 3 para evento ID 11', NULL, '2026-01-27 20:54:30'),
(173, 1, 'admin_panel', 'Ingreso al panel de administración', NULL, '2026-01-27 20:56:55'),
(174, 1, 'admin_panel', 'Ingreso al panel de administración', NULL, '2026-01-27 21:06:27'),
(175, 1, 'admin_panel', 'Ingreso al panel de administración', NULL, '2026-01-27 21:08:52'),
(176, 1, 'admin_panel', 'Ingreso al panel de administración', NULL, '2026-01-27 21:12:16'),
(177, 1, 'admin_panel', 'Ingreso al panel de administración', NULL, '2026-01-27 21:14:14'),
(178, 1, 'admin_panel', 'Ingreso al panel de administración', NULL, '2026-01-27 21:18:35'),
(179, 1, 'admin_panel', 'Ingreso al panel de administración', NULL, '2026-01-27 21:23:21'),
(180, 1, 'admin_panel', 'Ingreso al panel de administración', NULL, '2026-01-27 21:38:50'),
(181, 1, 'admin_panel', 'Ingreso al panel de administración', NULL, '2026-01-27 21:46:40'),
(182, 1, 'login', 'Inicio de sesión', NULL, '2026-01-30 08:36:33'),
(183, 1, 'admin_panel', 'Ingreso al panel de administración', NULL, '2026-01-30 08:36:34'),
(184, 1, 'evento_auto_archivar', 'Auto-archivado a medianoche: \"baile 2030\" (última función: 2026-01-29 12:00:00)', NULL, '2026-01-30 08:36:34'),
(185, 1, 'login', 'Inicio de sesión', NULL, '2026-01-30 08:45:19'),
(186, 1, 'admin_panel', 'Ingreso al panel de administración', NULL, '2026-01-30 08:45:19'),
(187, 1, 'admin_panel', 'Ingreso al panel de administración', NULL, '2026-01-30 08:46:06'),
(188, 1, 'logout', 'Cierre de sesión', NULL, '2026-01-30 08:51:11'),
(189, 1, 'login', 'Inicio de sesión', NULL, '2026-01-30 08:54:27'),
(190, 1, 'admin_panel', 'Ingreso al panel de administración', NULL, '2026-01-30 08:54:27'),
(191, 1, 'evento_crear', 'Creó evento: baile 2026', NULL, '2026-01-30 08:55:13'),
(192, 1, 'admin_panel', 'Ingreso al panel de administración', NULL, '2026-01-30 08:55:36'),
(193, 1, 'admin_panel', 'Ingreso al panel de administración', NULL, '2026-01-30 08:59:29'),
(194, 1, 'admin_panel', 'Ingreso al panel de administración', NULL, '2026-01-30 09:00:25'),
(195, 1, 'admin_panel', 'Ingreso al panel de administración', NULL, '2026-01-30 09:01:24'),
(196, 1, 'admin_panel', 'Ingreso al panel de administración', NULL, '2026-01-30 09:04:51'),
(197, 1, 'admin_panel', 'Ingreso al panel de administración', NULL, '2026-01-30 09:06:28'),
(198, 1, 'logout', 'Cierre de sesión', NULL, '2026-01-30 09:11:28'),
(199, 1, 'login', 'Inicio de sesión', NULL, '2026-01-30 09:25:45'),
(200, 1, 'admin_panel', 'Ingreso al panel de administración', NULL, '2026-01-30 09:25:45'),
(201, 1, 'login', 'Inicio de sesión', NULL, '2026-01-30 09:30:54'),
(202, 1, 'admin_panel', 'Ingreso al panel de administración', NULL, '2026-01-30 09:30:54'),
(203, 1, 'logout', 'Cierre de sesión', NULL, '2026-01-30 09:36:00'),
(204, 1, 'login', 'Inicio de sesión', NULL, '2026-01-30 09:36:15'),
(205, 1, 'admin_panel', 'Ingreso al panel de administración', NULL, '2026-01-30 09:36:15'),
(206, 1, 'admin_panel', 'Ingreso al panel de administración', NULL, '2026-01-30 09:38:29'),
(207, 1, 'admin_panel', 'Ingreso al panel de administración', NULL, '2026-01-30 09:40:34'),
(208, 1, 'admin_panel', 'Ingreso al panel de administración', NULL, '2026-01-30 09:45:19'),
(209, 1, 'admin_panel', 'Ingreso al panel de administración', NULL, '2026-01-30 09:50:46'),
(210, 1, 'admin_panel', 'Ingreso al panel de administración', NULL, '2026-01-30 09:53:31'),
(211, 1, 'admin_panel', 'Ingreso al panel de administración', NULL, '2026-01-30 09:54:15'),
(212, 1, 'admin_panel', 'Ingreso al panel de administración', NULL, '2026-01-30 09:56:44'),
(213, 1, 'admin_panel', 'Ingreso al panel de administración', NULL, '2026-01-30 09:56:55'),
(214, 1, 'admin_panel', 'Ingreso al panel de administración', NULL, '2026-01-30 10:00:16'),
(215, 1, 'logout', 'Cierre de sesión', NULL, '2026-01-30 10:05:34'),
(216, 1, 'login', 'Inicio de sesión', NULL, '2026-01-30 10:10:11'),
(217, 1, 'admin_panel', 'Ingreso al panel de administración', NULL, '2026-01-30 10:10:11'),
(218, 1, 'admin_panel', 'Ingreso al panel de administración', NULL, '2026-01-30 10:10:14'),
(219, 1, 'admin_panel', 'Ingreso al panel de administración', NULL, '2026-01-30 10:15:20'),
(220, 1, 'admin_panel', 'Ingreso al panel de administración', NULL, '2026-01-30 10:17:34'),
(221, 1, 'admin_panel', 'Ingreso al panel de administración', NULL, '2026-01-30 10:19:07'),
(222, 1, 'admin_panel', 'Ingreso al panel de administración', NULL, '2026-01-30 10:22:47'),
(223, 1, 'admin_panel', 'Ingreso al panel de administración', NULL, '2026-01-30 10:26:15'),
(224, 1, 'admin_panel', 'Ingreso al panel de administración', NULL, '2026-01-30 10:29:15'),
(225, 1, 'admin_panel', 'Ingreso al panel de administración', NULL, '2026-01-30 10:29:24'),
(226, 1, 'admin_panel', 'Ingreso al panel de administración', NULL, '2026-01-30 10:32:39'),
(227, 1, 'login', 'Inicio de sesión', NULL, '2026-01-30 16:20:51'),
(228, 1, 'admin_panel', 'Ingreso al panel de administración', NULL, '2026-01-30 16:20:52'),
(229, 1, 'evento_archivar', 'Archivó evento ID 12', NULL, '2026-01-30 16:21:02'),
(230, 1, 'login', 'Inicio de sesión', NULL, '2026-01-30 16:39:18'),
(231, 1, 'admin_panel', 'Ingreso al panel de administración', NULL, '2026-01-30 16:39:19'),
(232, 1, 'evento_guardar', 'Guardó evento: baile 2026', NULL, '2026-01-30 16:39:50'),
(233, 1, 'admin_panel', 'Ingreso al panel de administración', NULL, '2026-01-30 16:43:32'),
(234, 1, 'admin_panel', 'Ingreso al panel de administración', NULL, '2026-01-30 16:45:54'),
(235, 1, 'admin_panel', 'Ingreso al panel de administración', NULL, '2026-01-30 16:47:24'),
(236, 1, 'login', 'Inicio de sesión', NULL, '2026-01-30 16:51:01'),
(237, 1, 'admin_panel', 'Ingreso al panel de administración', NULL, '2026-01-30 16:51:02'),
(238, 1, 'venta', 'Venta de 3 boleto(s) - Evento: baile 2026 - Asientos: G17, G16, G15 - Total: $150.00', '{\"evento\":{\"id\":13,\"titulo\":\"baile 2026\"},\"funcion\":{\"id\":16,\"fecha_hora\":\"2026-01-31 12:00:00\"},\"cliente\":\"Cliente General\",\"boletos\":[{\"asiento\":\"G17\",\"codigo_unico\":\"521CB1DCACC44D46\",\"precio\":50,\"tipo_boleto\":\"adulto\"},{\"asiento\":\"G16\",\"codigo_unico\":\"2EC1AFA095980A5D\",\"precio\":50,\"tipo_boleto\":\"adulto\"},{\"asiento\":\"G15\",\"codigo_unico\":\"48370DC4637BD8BE\",\"precio\":50,\"tipo_boleto\":\"adulto\"}],\"total\":150,\"usuario_vendedor\":1}', '2026-01-30 16:51:23'),
(239, 1, 'logout', 'Cierre de sesión', NULL, '2026-01-30 16:56:36'),
(240, 1, 'login', 'Inicio de sesión', NULL, '2026-01-30 16:57:42'),
(241, 1, 'admin_panel', 'Ingreso al panel de administración', NULL, '2026-01-30 16:57:42'),
(242, 1, 'admin_panel', 'Ingreso al panel de administración', NULL, '2026-01-30 17:00:55'),
(243, 1, 'admin_panel', 'Ingreso al panel de administración', NULL, '2026-01-30 17:03:02'),
(244, 1, 'logout', 'Cierre de sesión', NULL, '2026-01-30 17:08:02'),
(245, 1, 'login', 'Inicio de sesión', NULL, '2026-02-02 08:35:56'),
(246, 1, 'admin_panel', 'Ingreso al panel de administración', NULL, '2026-02-02 08:35:57'),
(247, 1, 'admin_panel', 'Ingreso al panel de administración', NULL, '2026-02-02 08:36:00'),
(248, 1, 'usuario_crear', 'Nuevo usuario creado: jesus silva (ID: 8, Rol: empleado)', NULL, '2026-02-02 08:37:27'),
(249, 1, 'usuario_crear', 'Nuevo usuario creado: joseju silva (ID: 9, Rol: empleado)', NULL, '2026-02-02 08:47:09'),
(250, 1, 'usuario_estado', 'Estado de usuario cambiado: joseju silva (ID: 9) → INACTIVO', NULL, '2026-02-02 08:47:19'),
(251, 1, 'logout', 'Cierre de sesión', NULL, '2026-02-02 08:47:25'),
(252, 7, 'login', 'Inicio de sesión', NULL, '2026-02-02 08:47:43'),
(255, 1, 'venta', 'Venta de boletos para El Rey León - Musical', '{\"evento\":{\"titulo\":\"El Rey Le\\u00f3n - Musical\",\"id\":17},\"total\":190,\"cantidad\":1,\"cliente\":\"Cliente 692\",\"funcion\":20}', '2026-01-27 16:22:06'),
(256, 1, 'venta', 'Venta de boletos para El Rey León - Musical', '{\"evento\":{\"titulo\":\"El Rey Le\\u00f3n - Musical\",\"id\":17},\"total\":218,\"cantidad\":2,\"cliente\":\"Cliente 350\",\"funcion\":21}', '2026-01-15 13:01:39'),
(257, 1, 'venta', 'Venta de boletos para El Rey León - Musical', '{\"evento\":{\"titulo\":\"El Rey Le\\u00f3n - Musical\",\"id\":17},\"total\":735,\"cantidad\":2,\"cliente\":\"Cliente 566\",\"funcion\":20}', '2026-01-06 16:01:57'),
(258, 1, 'venta', 'Venta de boletos para El Rey León - Musical', '{\"evento\":{\"titulo\":\"El Rey Le\\u00f3n - Musical\",\"id\":17},\"total\":588,\"cantidad\":1,\"cliente\":\"Cliente 869\",\"funcion\":21}', '2026-01-07 17:56:48'),
(259, 1, 'venta', 'Venta de boletos para El Rey León - Musical', '{\"evento\":{\"titulo\":\"El Rey Le\\u00f3n - Musical\",\"id\":17},\"total\":540,\"cantidad\":2,\"cliente\":\"Cliente 605\",\"funcion\":20}', '2026-01-30 14:57:04'),
(260, 1, 'venta', 'Venta de boletos para El Rey León - Musical', '{\"evento\":{\"titulo\":\"El Rey Le\\u00f3n - Musical\",\"id\":17},\"total\":279,\"cantidad\":3,\"cliente\":\"Cliente 622\",\"funcion\":21}', '2026-01-12 17:53:14'),
(261, 1, 'venta', 'Venta de boletos para El Rey León - Musical', '{\"evento\":{\"titulo\":\"El Rey Le\\u00f3n - Musical\",\"id\":17},\"total\":282,\"cantidad\":3,\"cliente\":\"Cliente 252\",\"funcion\":20}', '2026-01-23 20:48:05'),
(262, 1, 'venta', 'Venta de boletos para El Rey León - Musical', '{\"evento\":{\"titulo\":\"El Rey Le\\u00f3n - Musical\",\"id\":17},\"total\":294,\"cantidad\":2,\"cliente\":\"Cliente 114\",\"funcion\":21}', '2026-01-17 11:53:59'),
(263, 1, 'venta', 'Venta de boletos para El Rey León - Musical', '{\"evento\":{\"titulo\":\"El Rey Le\\u00f3n - Musical\",\"id\":17},\"total\":332,\"cantidad\":2,\"cliente\":\"Cliente 894\",\"funcion\":20}', '2026-01-08 22:13:45'),
(264, 1, 'venta', 'Venta de boletos para El Rey León - Musical', '{\"evento\":{\"titulo\":\"El Rey Le\\u00f3n - Musical\",\"id\":17},\"total\":704,\"cantidad\":3,\"cliente\":\"Cliente 470\",\"funcion\":21}', '2026-01-30 14:32:40'),
(265, 1, 'venta', 'Venta de boletos para El Rey León - Musical', '{\"evento\":{\"titulo\":\"El Rey Le\\u00f3n - Musical\",\"id\":17},\"total\":360,\"cantidad\":2,\"cliente\":\"Cliente 983\",\"funcion\":20}', '2026-01-29 14:47:36'),
(266, 1, 'venta', 'Venta de boletos para El Rey León - Musical', '{\"evento\":{\"titulo\":\"El Rey Le\\u00f3n - Musical\",\"id\":17},\"total\":257,\"cantidad\":2,\"cliente\":\"Cliente 451\",\"funcion\":21}', '2026-01-03 10:35:22'),
(267, 1, 'venta', 'Venta de boletos para Cats - El Musical', '{\"evento\":{\"titulo\":\"Cats - El Musical\",\"id\":18},\"total\":951,\"cantidad\":3,\"cliente\":\"Cliente 701\",\"funcion\":22}', '2026-02-02 21:08:25'),
(268, 1, 'venta', 'Venta de boletos para Cats - El Musical', '{\"evento\":{\"titulo\":\"Cats - El Musical\",\"id\":18},\"total\":405,\"cantidad\":1,\"cliente\":\"Cliente 538\",\"funcion\":23}', '2026-01-31 15:22:08'),
(269, 1, 'venta', 'Venta de boletos para Cats - El Musical', '{\"evento\":{\"titulo\":\"Cats - El Musical\",\"id\":18},\"total\":290,\"cantidad\":3,\"cliente\":\"Cliente 412\",\"funcion\":24}', '2026-01-21 22:58:19'),
(270, 1, 'venta', 'Venta de boletos para Cats - El Musical', '{\"evento\":{\"titulo\":\"Cats - El Musical\",\"id\":18},\"total\":444,\"cantidad\":1,\"cliente\":\"Cliente 664\",\"funcion\":22}', '2026-01-20 18:12:41'),
(271, 1, 'venta', 'Venta de boletos para Cats - El Musical', '{\"evento\":{\"titulo\":\"Cats - El Musical\",\"id\":18},\"total\":153,\"cantidad\":2,\"cliente\":\"Cliente 792\",\"funcion\":23}', '2026-01-27 10:21:47'),
(272, 1, 'venta', 'Venta de boletos para Cats - El Musical', '{\"evento\":{\"titulo\":\"Cats - El Musical\",\"id\":18},\"total\":316,\"cantidad\":1,\"cliente\":\"Cliente 71\",\"funcion\":24}', '2026-01-22 17:04:42'),
(273, 1, 'venta', 'Venta de boletos para Cats - El Musical', '{\"evento\":{\"titulo\":\"Cats - El Musical\",\"id\":18},\"total\":684,\"cantidad\":3,\"cliente\":\"Cliente 226\",\"funcion\":22}', '2026-01-18 18:39:58'),
(274, 1, 'venta', 'Venta de boletos para Cats - El Musical', '{\"evento\":{\"titulo\":\"Cats - El Musical\",\"id\":18},\"total\":555,\"cantidad\":2,\"cliente\":\"Cliente 764\",\"funcion\":23}', '2026-01-19 21:24:58'),
(275, 1, 'venta', 'Venta de boletos para Cats - El Musical', '{\"evento\":{\"titulo\":\"Cats - El Musical\",\"id\":18},\"total\":399,\"cantidad\":1,\"cliente\":\"Cliente 38\",\"funcion\":24}', '2026-01-14 15:55:39'),
(276, 1, 'venta', 'Venta de boletos para Cats - El Musical', '{\"evento\":{\"titulo\":\"Cats - El Musical\",\"id\":18},\"total\":259,\"cantidad\":1,\"cliente\":\"Cliente 352\",\"funcion\":22}', '2026-01-28 16:39:57'),
(277, 1, 'venta', 'Venta de boletos para Cats - El Musical', '{\"evento\":{\"titulo\":\"Cats - El Musical\",\"id\":18},\"total\":284,\"cantidad\":1,\"cliente\":\"Cliente 934\",\"funcion\":23}', '2026-01-22 22:35:50'),
(278, 1, 'venta', 'Venta de boletos para Cats - El Musical', '{\"evento\":{\"titulo\":\"Cats - El Musical\",\"id\":18},\"total\":298,\"cantidad\":3,\"cliente\":\"Cliente 399\",\"funcion\":24}', '2026-01-11 18:53:07'),
(279, 1, 'venta', 'Venta de boletos para El Fantasma de la Ópera', '{\"evento\":{\"titulo\":\"El Fantasma de la \\u00d3pera\",\"id\":19},\"total\":140,\"cantidad\":3,\"cliente\":\"Cliente 110\",\"funcion\":25}', '2026-01-12 16:37:46'),
(280, 1, 'venta', 'Venta de boletos para El Fantasma de la Ópera', '{\"evento\":{\"titulo\":\"El Fantasma de la \\u00d3pera\",\"id\":19},\"total\":300,\"cantidad\":3,\"cliente\":\"Cliente 329\",\"funcion\":26}', '2026-01-27 14:29:18'),
(281, 1, 'venta', 'Venta de boletos para El Fantasma de la Ópera', '{\"evento\":{\"titulo\":\"El Fantasma de la \\u00d3pera\",\"id\":19},\"total\":363,\"cantidad\":3,\"cliente\":\"Cliente 305\",\"funcion\":25}', '2026-01-11 13:10:50'),
(282, 1, 'venta', 'Venta de boletos para El Fantasma de la Ópera', '{\"evento\":{\"titulo\":\"El Fantasma de la \\u00d3pera\",\"id\":19},\"total\":260,\"cantidad\":1,\"cliente\":\"Cliente 552\",\"funcion\":26}', '2026-01-28 14:04:00'),
(283, 1, 'venta', 'Venta de boletos para El Fantasma de la Ópera', '{\"evento\":{\"titulo\":\"El Fantasma de la \\u00d3pera\",\"id\":19},\"total\":336,\"cantidad\":1,\"cliente\":\"Cliente 891\",\"funcion\":25}', '2026-01-30 11:03:22'),
(284, 1, 'venta', 'Venta de boletos para El Fantasma de la Ópera', '{\"evento\":{\"titulo\":\"El Fantasma de la \\u00d3pera\",\"id\":19},\"total\":126,\"cantidad\":3,\"cliente\":\"Cliente 279\",\"funcion\":26}', '2026-01-11 14:41:05'),
(285, 1, 'venta', 'Venta de boletos para El Fantasma de la Ópera', '{\"evento\":{\"titulo\":\"El Fantasma de la \\u00d3pera\",\"id\":19},\"total\":297,\"cantidad\":1,\"cliente\":\"Cliente 889\",\"funcion\":25}', '2026-01-22 20:58:48'),
(286, 1, 'venta', 'Venta de boletos para El Fantasma de la Ópera', '{\"evento\":{\"titulo\":\"El Fantasma de la \\u00d3pera\",\"id\":19},\"total\":1020,\"cantidad\":3,\"cliente\":\"Cliente 768\",\"funcion\":26}', '2026-02-01 14:35:50'),
(287, 1, 'venta', 'Venta de boletos para El Fantasma de la Ópera', '{\"evento\":{\"titulo\":\"El Fantasma de la \\u00d3pera\",\"id\":19},\"total\":304,\"cantidad\":3,\"cliente\":\"Cliente 90\",\"funcion\":25}', '2026-01-27 10:32:09'),
(288, 1, 'venta', 'Venta de boletos para El Fantasma de la Ópera', '{\"evento\":{\"titulo\":\"El Fantasma de la \\u00d3pera\",\"id\":19},\"total\":474,\"cantidad\":2,\"cliente\":\"Cliente 851\",\"funcion\":26}', '2026-01-08 14:30:18'),
(289, 1, 'venta', 'Venta de boletos para El Fantasma de la Ópera', '{\"evento\":{\"titulo\":\"El Fantasma de la \\u00d3pera\",\"id\":19},\"total\":177,\"cantidad\":3,\"cliente\":\"Cliente 358\",\"funcion\":25}', '2026-01-10 22:55:16'),
(290, 1, 'venta', 'Venta de boletos para El Fantasma de la Ópera', '{\"evento\":{\"titulo\":\"El Fantasma de la \\u00d3pera\",\"id\":19},\"total\":576,\"cantidad\":2,\"cliente\":\"Cliente 156\",\"funcion\":26}', '2026-01-23 14:18:16'),
(291, 1, 'venta', 'Venta de boletos para El Fantasma de la Ópera', '{\"evento\":{\"titulo\":\"El Fantasma de la \\u00d3pera\",\"id\":19},\"total\":199,\"cantidad\":2,\"cliente\":\"Cliente 789\",\"funcion\":25}', '2026-01-31 18:27:17'),
(292, 1, 'venta', 'Venta de boletos para El Fantasma de la Ópera', '{\"evento\":{\"titulo\":\"El Fantasma de la \\u00d3pera\",\"id\":19},\"total\":308,\"cantidad\":1,\"cliente\":\"Cliente 805\",\"funcion\":26}', '2026-02-02 20:50:32'),
(293, 1, 'venta', 'Venta de boletos para El Fantasma de la Ópera', '{\"evento\":{\"titulo\":\"El Fantasma de la \\u00d3pera\",\"id\":19},\"total\":128,\"cantidad\":3,\"cliente\":\"Cliente 994\",\"funcion\":25}', '2026-01-26 10:51:10'),
(294, 1, 'venta', 'Venta de boletos para El Fantasma de la Ópera', '{\"evento\":{\"titulo\":\"El Fantasma de la \\u00d3pera\",\"id\":19},\"total\":238,\"cantidad\":3,\"cliente\":\"Cliente 491\",\"funcion\":26}', '2026-01-13 21:35:34'),
(295, 1, 'venta', 'Venta de boletos para El Fantasma de la Ópera', '{\"evento\":{\"titulo\":\"El Fantasma de la \\u00d3pera\",\"id\":19},\"total\":602,\"cantidad\":3,\"cliente\":\"Cliente 779\",\"funcion\":25}', '2026-01-17 18:25:29'),
(296, 1, 'venta', 'Venta de boletos para El Fantasma de la Ópera', '{\"evento\":{\"titulo\":\"El Fantasma de la \\u00d3pera\",\"id\":19},\"total\":465,\"cantidad\":2,\"cliente\":\"Cliente 423\",\"funcion\":26}', '2026-01-22 10:57:17'),
(297, 1, 'venta', 'Venta de boletos para El Fantasma de la Ópera', '{\"evento\":{\"titulo\":\"El Fantasma de la \\u00d3pera\",\"id\":19},\"total\":462,\"cantidad\":3,\"cliente\":\"Cliente 859\",\"funcion\":25}', '2026-01-25 11:29:05'),
(298, 1, 'venta', 'Venta de boletos para El Fantasma de la Ópera', '{\"evento\":{\"titulo\":\"El Fantasma de la \\u00d3pera\",\"id\":19},\"total\":290,\"cantidad\":2,\"cliente\":\"Cliente 938\",\"funcion\":26}', '2026-01-09 12:13:23'),
(299, 1, 'venta', 'Venta de boletos para El Fantasma de la Ópera', '{\"evento\":{\"titulo\":\"El Fantasma de la \\u00d3pera\",\"id\":19},\"total\":975,\"cantidad\":3,\"cliente\":\"Cliente 253\",\"funcion\":25}', '2026-01-24 19:50:23'),
(300, 1, 'venta', 'Venta de boletos para El Fantasma de la Ópera', '{\"evento\":{\"titulo\":\"El Fantasma de la \\u00d3pera\",\"id\":19},\"total\":819,\"cantidad\":2,\"cliente\":\"Cliente 186\",\"funcion\":26}', '2026-01-20 18:52:40'),
(301, 1, 'venta', 'Venta de boletos para El Fantasma de la Ópera', '{\"evento\":{\"titulo\":\"El Fantasma de la \\u00d3pera\",\"id\":19},\"total\":179,\"cantidad\":1,\"cliente\":\"Cliente 483\",\"funcion\":25}', '2026-01-08 15:34:38'),
(302, 1, 'venta', 'Venta de boletos para El Fantasma de la Ópera', '{\"evento\":{\"titulo\":\"El Fantasma de la \\u00d3pera\",\"id\":19},\"total\":125,\"cantidad\":3,\"cliente\":\"Cliente 966\",\"funcion\":26}', '2026-01-30 15:15:06'),
(303, 1, 'venta', 'Venta de boletos para El Fantasma de la Ópera', '{\"evento\":{\"titulo\":\"El Fantasma de la \\u00d3pera\",\"id\":19},\"total\":606,\"cantidad\":1,\"cliente\":\"Cliente 2\",\"funcion\":25}', '2026-01-21 18:29:39'),
(304, 1, 'venta', 'Venta de boletos para El Fantasma de la Ópera', '{\"evento\":{\"titulo\":\"El Fantasma de la \\u00d3pera\",\"id\":19},\"total\":354,\"cantidad\":1,\"cliente\":\"Cliente 333\",\"funcion\":26}', '2026-01-12 13:46:02'),
(305, 7, 'logout', 'Cierre de sesión', NULL, '2026-02-02 08:55:40'),
(306, 7, 'login', 'Inicio de sesión', NULL, '2026-02-02 08:55:42'),
(307, 7, 'logout', 'Cierre de sesión', NULL, '2026-02-02 08:55:44'),
(308, 1, 'login', 'Inicio de sesión', NULL, '2026-02-02 08:55:47'),
(309, 1, 'evento_guardar', 'Guardó evento: El Rey León - Musical', NULL, '2026-02-02 08:57:07'),
(310, 1, 'evento_guardar', 'Guardó evento: Cats - El Musical', NULL, '2026-02-02 08:57:33'),
(311, 1, 'login', 'Inicio de sesión', NULL, '2026-02-02 12:14:21'),
(312, 1, 'evento_crear', 'Creó evento: baile 2025', NULL, '2026-02-02 12:16:08'),
(313, 1, 'venta', 'Venta de 2 boleto(s) - Evento: baile 2025 - Asientos: K14, K15 - Total: $160.00', '{\"evento\":{\"id\":20,\"titulo\":\"baile 2025\"},\"funcion\":{\"id\":29,\"fecha_hora\":\"2026-02-04 12:00:00\"},\"cliente\":\"Cliente General\",\"boletos\":[{\"asiento\":\"K14\",\"codigo_unico\":\"C1DEBF22AF48A5D2\",\"precio\":80,\"tipo_boleto\":\"adulto\"},{\"asiento\":\"K15\",\"codigo_unico\":\"687886CD9FEB3ED1\",\"precio\":80,\"tipo_boleto\":\"adulto\"}],\"total\":160,\"usuario_vendedor\":1}', '2026-02-02 12:16:23'),
(314, 1, 'logout', 'Cierre de sesión', NULL, '2026-02-02 12:21:15'),
(315, 1, 'login', 'Inicio de sesión', NULL, '2026-02-02 12:25:44'),
(316, 1, 'venta', 'Venta de 2 boleto(s) - Evento: baile 2025 - Asientos: J15, J14 - Total: $160.00', '{\"evento\":{\"id\":20,\"titulo\":\"baile 2025\"},\"funcion\":{\"id\":29,\"fecha_hora\":\"2026-02-04 12:00:00\"},\"cliente\":\"Cliente General\",\"boletos\":[{\"asiento\":\"J15\",\"codigo_unico\":\"C690A888F78C8792\",\"precio\":80,\"tipo_boleto\":\"adulto\"},{\"asiento\":\"J14\",\"codigo_unico\":\"9415DE9988FBC387\",\"precio\":80,\"tipo_boleto\":\"adulto\"}],\"total\":160,\"usuario_vendedor\":1}', '2026-02-02 12:26:12'),
(317, 1, 'logout', 'Cierre de sesión', NULL, '2026-02-02 12:26:37'),
(318, 1, 'login', 'Inicio de sesión', NULL, '2026-02-02 12:26:40'),
(319, 1, 'logout', 'Cierre de sesión', NULL, '2026-02-02 12:31:40'),
(320, 1, 'login', 'Inicio de sesión', NULL, '2026-02-03 08:22:01'),
(321, 1, 'venta', 'Venta de 2 boleto(s) - Evento: baile 2025 - Asientos: I14, I13 - Total: $160.00', '{\"evento\":{\"id\":20,\"titulo\":\"baile 2025\"},\"funcion\":{\"id\":29,\"fecha_hora\":\"2026-02-04 12:00:00\"},\"cliente\":\"Cliente General\",\"boletos\":[{\"asiento\":\"I14\",\"codigo_unico\":\"6D9125B6A5976B82\",\"precio\":80,\"tipo_boleto\":\"adulto\"},{\"asiento\":\"I13\",\"codigo_unico\":\"579C436F7096C822\",\"precio\":80,\"tipo_boleto\":\"adulto\"}],\"total\":160,\"usuario_vendedor\":1}', '2026-02-03 08:22:15'),
(322, 1, 'venta', 'Venta de 2 boleto(s) - Evento: baile 2025 - Asientos: K12, K11 - Total: $160.00', '{\"evento\":{\"id\":20,\"titulo\":\"baile 2025\"},\"funcion\":{\"id\":29,\"fecha_hora\":\"2026-02-04 12:00:00\"},\"cliente\":\"Cliente General\",\"boletos\":[{\"asiento\":\"K12\",\"codigo_unico\":\"C57B44184FD4AF38\",\"precio\":80,\"tipo_boleto\":\"adulto\"},{\"asiento\":\"K11\",\"codigo_unico\":\"2E280BEAA9BBE3F5\",\"precio\":80,\"tipo_boleto\":\"adulto\"}],\"total\":160,\"usuario_vendedor\":1}', '2026-02-03 08:24:16'),
(323, 1, 'login', 'Inicio de sesión', NULL, '2026-02-03 08:24:45'),
(324, 1, 'venta', 'Venta de 2 boleto(s) - Evento: baile 2025 - Asientos: J12, J11 - Total: $160.00', '{\"evento\":{\"id\":20,\"titulo\":\"baile 2025\"},\"funcion\":{\"id\":29,\"fecha_hora\":\"2026-02-04 12:00:00\"},\"cliente\":\"Cliente General\",\"boletos\":[{\"asiento\":\"J12\",\"codigo_unico\":\"915EB9C01A7D99FF\",\"precio\":80,\"tipo_boleto\":\"adulto\"},{\"asiento\":\"J11\",\"codigo_unico\":\"6DF17FD45A32EDE2\",\"precio\":80,\"tipo_boleto\":\"adulto\"}],\"total\":160,\"usuario_vendedor\":1}', '2026-02-03 08:24:56'),
(325, 1, 'boleto_cancelar', 'Cancelación de boleto - Asiento: J12 - Evento: baile 2025', '{\"boleto\":{\"id\":953,\"codigo_unico\":\"915EB9C01A7D99FF\",\"asiento\":\"J12\"},\"evento\":{\"id\":20,\"titulo\":\"baile 2025\"},\"funcion\":{\"id\":29,\"fecha_hora\":\"2026-02-04 12:00:00\"}}', '2026-02-03 08:25:15'),
(326, 1, 'boleto_cancelar', 'Cancelación de boleto - Asiento: J11 - Evento: baile 2025', '{\"boleto\":{\"id\":954,\"codigo_unico\":\"6DF17FD45A32EDE2\",\"asiento\":\"J11\"},\"evento\":{\"id\":20,\"titulo\":\"baile 2025\"},\"funcion\":{\"id\":29,\"fecha_hora\":\"2026-02-04 12:00:00\"}}', '2026-02-03 08:25:15'),
(327, 1, 'logout', 'Cierre de sesión', NULL, '2026-02-03 08:32:22'),
(328, 1, 'login', 'Inicio de sesión', NULL, '2026-02-03 08:40:53'),
(329, 1, 'venta', 'Venta de 2 boleto(s) - Evento: baile 2025 - Asientos: I11, I10 - Total: $160.00', '{\"evento\":{\"id\":20,\"titulo\":\"baile 2025\"},\"funcion\":{\"id\":29,\"fecha_hora\":\"2026-02-04 12:00:00\"},\"cliente\":\"Cliente General\",\"boletos\":[{\"asiento\":\"I11\",\"codigo_unico\":\"7796FC6384DBCB0B\",\"precio\":80,\"tipo_boleto\":\"adulto\"},{\"asiento\":\"I10\",\"codigo_unico\":\"6874ACA59C11BF1B\",\"precio\":80,\"tipo_boleto\":\"adulto\"}],\"total\":160,\"usuario_vendedor\":1}', '2026-02-03 08:41:43'),
(330, 1, 'boleto_cancelar', 'Cancelación de boleto - Asiento: I11 - Evento: baile 2025', '{\"boleto\":{\"id\":955,\"codigo_unico\":\"7796FC6384DBCB0B\",\"asiento\":\"I11\"},\"evento\":{\"id\":20,\"titulo\":\"baile 2025\"},\"funcion\":{\"id\":29,\"fecha_hora\":\"2026-02-04 12:00:00\"}}', '2026-02-03 08:41:48'),
(331, 1, 'boleto_cancelar', 'Cancelación de boleto - Asiento: I10 - Evento: baile 2025', '{\"boleto\":{\"id\":956,\"codigo_unico\":\"6874ACA59C11BF1B\",\"asiento\":\"I10\"},\"evento\":{\"id\":20,\"titulo\":\"baile 2025\"},\"funcion\":{\"id\":29,\"fecha_hora\":\"2026-02-04 12:00:00\"}}', '2026-02-03 08:41:48'),
(332, 1, 'logout', 'Cierre de sesión', NULL, '2026-02-03 08:46:32'),
(333, 1, 'login', 'Inicio de sesión', NULL, '2026-02-03 08:50:40'),
(334, 1, 'venta', 'Venta de 17 boleto(s) - Evento: baile 2025 - Asientos: K20, K19, K18, K17, K16, K13, K10, K9, K8, K7, J7, J8, J9, J11, J10, J12, J13 - Total: $1,360.00', '{\"evento\":{\"id\":20,\"titulo\":\"baile 2025\"},\"funcion\":{\"id\":29,\"fecha_hora\":\"2026-02-04 12:00:00\"},\"cliente\":\"Cliente General\",\"boletos\":[{\"asiento\":\"K20\",\"codigo_unico\":\"D2DAD81D44E51ABE\",\"precio\":80,\"tipo_boleto\":\"adulto\"},{\"asiento\":\"K19\",\"codigo_unico\":\"2029388A3DEF3434\",\"precio\":80,\"tipo_boleto\":\"adulto\"},{\"asiento\":\"K18\",\"codigo_unico\":\"B6DBAA895EA5623F\",\"precio\":80,\"tipo_boleto\":\"adulto\"},{\"asiento\":\"K17\",\"codigo_unico\":\"2EB680771C7182D7\",\"precio\":80,\"tipo_boleto\":\"adulto\"},{\"asiento\":\"K16\",\"codigo_unico\":\"B9A41BBF96FCD267\",\"precio\":80,\"tipo_boleto\":\"adulto\"},{\"asiento\":\"K13\",\"codigo_unico\":\"3436EF71D1D4E3BA\",\"precio\":80,\"tipo_boleto\":\"adulto\"},{\"asiento\":\"K10\",\"codigo_unico\":\"3D684A1A94620313\",\"precio\":80,\"tipo_boleto\":\"adulto\"},{\"asiento\":\"K9\",\"codigo_unico\":\"23C54722F9062ACA\",\"precio\":80,\"tipo_boleto\":\"adulto\"},{\"asiento\":\"K8\",\"codigo_unico\":\"180004E52BD28267\",\"precio\":80,\"tipo_boleto\":\"adulto\"},{\"asiento\":\"K7\",\"codigo_unico\":\"1DB4ABA7F67D30F0\",\"precio\":80,\"tipo_boleto\":\"adulto\"},{\"asiento\":\"J7\",\"codigo_unico\":\"BFD4EDC8060DA5F6\",\"precio\":80,\"tipo_boleto\":\"adulto\"},{\"asiento\":\"J8\",\"codigo_unico\":\"F53991562D487E8C\",\"precio\":80,\"tipo_boleto\":\"adulto\"},{\"asiento\":\"J9\",\"codigo_unico\":\"7F8602DF060F5B67\",\"precio\":80,\"tipo_boleto\":\"adulto\"},{\"asiento\":\"J11\",\"codigo_unico\":\"0E86CF156A564E5A\",\"precio\":80,\"tipo_boleto\":\"adulto\"},{\"asiento\":\"J10\",\"codigo_unico\":\"A33FF6EADC942710\",\"precio\":80,\"tipo_boleto\":\"adulto\"},{\"asiento\":\"J12\",\"codigo_unico\":\"56B01860153397CF\",\"precio\":80,\"tipo_boleto\":\"adulto\"},{\"asiento\":\"J13\",\"codigo_unico\":\"B14E75D9CA85FF00\",\"precio\":80,\"tipo_boleto\":\"adulto\"}],\"total\":1360,\"usuario_vendedor\":1}', '2026-02-03 08:54:13'),
(335, 1, 'logout', 'Cierre de sesión', NULL, '2026-02-03 08:58:36'),
(336, 1, 'login', 'Inicio de sesión', NULL, '2026-02-03 08:59:38'),
(337, 1, 'venta', 'Venta de 10 boleto(s) - Evento: baile 2025 - Asientos: I15, I16, I17, I18, I19, I20, J16, J17, J18, J19 - Total: $800.00', '{\"evento\":{\"id\":20,\"titulo\":\"baile 2025\"},\"funcion\":{\"id\":29,\"fecha_hora\":\"2026-02-04 12:00:00\"},\"cliente\":\"Cliente General\",\"boletos\":[{\"asiento\":\"I15\",\"codigo_unico\":\"50BCA6C38D686DF7\",\"precio\":80,\"tipo_boleto\":\"adulto\"},{\"asiento\":\"I16\",\"codigo_unico\":\"C5BB2B1F1DC60DE3\",\"precio\":80,\"tipo_boleto\":\"adulto\"},{\"asiento\":\"I17\",\"codigo_unico\":\"D29DE9D0D2C5028F\",\"precio\":80,\"tipo_boleto\":\"adulto\"},{\"asiento\":\"I18\",\"codigo_unico\":\"0B4B4B50CA06B57C\",\"precio\":80,\"tipo_boleto\":\"adulto\"},{\"asiento\":\"I19\",\"codigo_unico\":\"EF7000B520D55A6F\",\"precio\":80,\"tipo_boleto\":\"adulto\"},{\"asiento\":\"I20\",\"codigo_unico\":\"C3D18B518BA2CA64\",\"precio\":80,\"tipo_boleto\":\"adulto\"},{\"asiento\":\"J16\",\"codigo_unico\":\"B70AC649D9C14B0C\",\"precio\":80,\"tipo_boleto\":\"adulto\"},{\"asiento\":\"J17\",\"codigo_unico\":\"5AB9A5C05228BBA4\",\"precio\":80,\"tipo_boleto\":\"adulto\"},{\"asiento\":\"J18\",\"codigo_unico\":\"6C5C6AC3225CE251\",\"precio\":80,\"tipo_boleto\":\"adulto\"},{\"asiento\":\"J19\",\"codigo_unico\":\"E5DDDD391DF194B9\",\"precio\":80,\"tipo_boleto\":\"adulto\"}],\"total\":800,\"usuario_vendedor\":1}', '2026-02-03 08:59:58'),
(338, 1, 'boleto_cancelar', 'Cancelación de boleto - Asiento: I15 - Evento: baile 2025', '{\"boleto\":{\"id\":972,\"codigo_unico\":\"50BCA6C38D686DF7\",\"asiento\":\"I15\"},\"evento\":{\"id\":20,\"titulo\":\"baile 2025\"},\"funcion\":{\"id\":29,\"fecha_hora\":\"2026-02-04 12:00:00\"}}', '2026-02-03 09:00:13'),
(339, 1, 'boleto_cancelar', 'Cancelación de boleto - Asiento: I16 - Evento: baile 2025', '{\"boleto\":{\"id\":973,\"codigo_unico\":\"C5BB2B1F1DC60DE3\",\"asiento\":\"I16\"},\"evento\":{\"id\":20,\"titulo\":\"baile 2025\"},\"funcion\":{\"id\":29,\"fecha_hora\":\"2026-02-04 12:00:00\"}}', '2026-02-03 09:00:14'),
(340, 1, 'boleto_cancelar', 'Cancelación de boleto - Asiento: I17 - Evento: baile 2025', '{\"boleto\":{\"id\":974,\"codigo_unico\":\"D29DE9D0D2C5028F\",\"asiento\":\"I17\"},\"evento\":{\"id\":20,\"titulo\":\"baile 2025\"},\"funcion\":{\"id\":29,\"fecha_hora\":\"2026-02-04 12:00:00\"}}', '2026-02-03 09:00:14'),
(341, 1, 'boleto_cancelar', 'Cancelación de boleto - Asiento: I18 - Evento: baile 2025', '{\"boleto\":{\"id\":975,\"codigo_unico\":\"0B4B4B50CA06B57C\",\"asiento\":\"I18\"},\"evento\":{\"id\":20,\"titulo\":\"baile 2025\"},\"funcion\":{\"id\":29,\"fecha_hora\":\"2026-02-04 12:00:00\"}}', '2026-02-03 09:00:14'),
(342, 1, 'boleto_cancelar', 'Cancelación de boleto - Asiento: I19 - Evento: baile 2025', '{\"boleto\":{\"id\":976,\"codigo_unico\":\"EF7000B520D55A6F\",\"asiento\":\"I19\"},\"evento\":{\"id\":20,\"titulo\":\"baile 2025\"},\"funcion\":{\"id\":29,\"fecha_hora\":\"2026-02-04 12:00:00\"}}', '2026-02-03 09:00:14'),
(343, 1, 'boleto_cancelar', 'Cancelación de boleto - Asiento: I20 - Evento: baile 2025', '{\"boleto\":{\"id\":977,\"codigo_unico\":\"C3D18B518BA2CA64\",\"asiento\":\"I20\"},\"evento\":{\"id\":20,\"titulo\":\"baile 2025\"},\"funcion\":{\"id\":29,\"fecha_hora\":\"2026-02-04 12:00:00\"}}', '2026-02-03 09:00:14'),
(344, 1, 'boleto_cancelar', 'Cancelación de boleto - Asiento: J16 - Evento: baile 2025', '{\"boleto\":{\"id\":978,\"codigo_unico\":\"B70AC649D9C14B0C\",\"asiento\":\"J16\"},\"evento\":{\"id\":20,\"titulo\":\"baile 2025\"},\"funcion\":{\"id\":29,\"fecha_hora\":\"2026-02-04 12:00:00\"}}', '2026-02-03 09:00:14'),
(345, 1, 'boleto_cancelar', 'Cancelación de boleto - Asiento: J17 - Evento: baile 2025', '{\"boleto\":{\"id\":979,\"codigo_unico\":\"5AB9A5C05228BBA4\",\"asiento\":\"J17\"},\"evento\":{\"id\":20,\"titulo\":\"baile 2025\"},\"funcion\":{\"id\":29,\"fecha_hora\":\"2026-02-04 12:00:00\"}}', '2026-02-03 09:00:14'),
(346, 1, 'boleto_cancelar', 'Cancelación de boleto - Asiento: J18 - Evento: baile 2025', '{\"boleto\":{\"id\":980,\"codigo_unico\":\"6C5C6AC3225CE251\",\"asiento\":\"J18\"},\"evento\":{\"id\":20,\"titulo\":\"baile 2025\"},\"funcion\":{\"id\":29,\"fecha_hora\":\"2026-02-04 12:00:00\"}}', '2026-02-03 09:00:14'),
(347, 1, 'boleto_cancelar', 'Cancelación de boleto - Asiento: J19 - Evento: baile 2025', '{\"boleto\":{\"id\":981,\"codigo_unico\":\"E5DDDD391DF194B9\",\"asiento\":\"J19\"},\"evento\":{\"id\":20,\"titulo\":\"baile 2025\"},\"funcion\":{\"id\":29,\"fecha_hora\":\"2026-02-04 12:00:00\"}}', '2026-02-03 09:00:14'),
(348, 1, 'venta', 'Venta de 6 boleto(s) - Evento: baile 2025 - Asientos: I15, I16, I17, I18, I19, I20 - Total: $480.00', '{\"evento\":{\"id\":20,\"titulo\":\"baile 2025\"},\"funcion\":{\"id\":29,\"fecha_hora\":\"2026-02-04 12:00:00\"},\"cliente\":\"Cliente General\",\"boletos\":[{\"asiento\":\"I15\",\"codigo_unico\":\"5C314B8D5E234D8A\",\"precio\":80,\"tipo_boleto\":\"adulto\"},{\"asiento\":\"I16\",\"codigo_unico\":\"64C42A9ABA5D9A8E\",\"precio\":80,\"tipo_boleto\":\"adulto\"},{\"asiento\":\"I17\",\"codigo_unico\":\"0B85A6BB1391BB5B\",\"precio\":80,\"tipo_boleto\":\"adulto\"},{\"asiento\":\"I18\",\"codigo_unico\":\"3C863F1EFBB2C9AC\",\"precio\":80,\"tipo_boleto\":\"adulto\"},{\"asiento\":\"I19\",\"codigo_unico\":\"3380FFBFEF202FEA\",\"precio\":80,\"tipo_boleto\":\"adulto\"},{\"asiento\":\"I20\",\"codigo_unico\":\"C267F2EB6C4F7876\",\"precio\":80,\"tipo_boleto\":\"adulto\"}],\"total\":480,\"usuario_vendedor\":1}', '2026-02-03 09:00:50'),
(349, 1, 'logout', 'Cierre de sesión', NULL, '2026-02-03 09:04:07'),
(350, 7, 'login', 'Inicio de sesión', NULL, '2026-02-03 09:04:11'),
(351, 7, 'venta', 'Venta de 5 boleto(s) - Evento: baile 2025 - Asientos: J16, J17, J18, J19, J20 - Total: $400.00', '{\"evento\":{\"id\":20,\"titulo\":\"baile 2025\"},\"funcion\":{\"id\":29,\"fecha_hora\":\"2026-02-04 12:00:00\"},\"cliente\":\"Cliente General\",\"boletos\":[{\"asiento\":\"J16\",\"codigo_unico\":\"0129D75CA18B2438\",\"precio\":80,\"tipo_boleto\":\"adulto\"},{\"asiento\":\"J17\",\"codigo_unico\":\"0F0D65557A7DF6A3\",\"precio\":80,\"tipo_boleto\":\"adulto\"},{\"asiento\":\"J18\",\"codigo_unico\":\"FF818BF3947E7C9F\",\"precio\":80,\"tipo_boleto\":\"adulto\"},{\"asiento\":\"J19\",\"codigo_unico\":\"F46EB896F763555B\",\"precio\":80,\"tipo_boleto\":\"adulto\"},{\"asiento\":\"J20\",\"codigo_unico\":\"BB4554A7E9D99876\",\"precio\":80,\"tipo_boleto\":\"adulto\"}],\"total\":400,\"usuario_vendedor\":7}', '2026-02-03 09:04:23'),
(352, 7, 'logout', 'Cierre de sesión', NULL, '2026-02-03 09:15:35'),
(353, 7, 'login', 'Inicio de sesión', NULL, '2026-02-03 09:15:56'),
(354, 7, 'logout', 'Cierre de sesión', NULL, '2026-02-03 09:16:03'),
(355, 1, 'login', 'Inicio de sesión', NULL, '2026-02-03 09:16:06'),
(356, 1, 'login', 'Inicio de sesión', NULL, '2026-02-03 09:22:59'),
(357, 1, 'logout', 'Cierre de sesión', NULL, '2026-02-03 09:28:08'),
(358, 1, 'login', 'Inicio de sesión', NULL, '2026-02-04 07:52:02'),
(359, 1, 'login', 'Inicio de sesión', NULL, '2026-02-04 08:11:14'),
(360, 1, 'logout', 'Cierre de sesión', NULL, '2026-02-04 08:16:17'),
(361, 1, 'login', 'Inicio de sesión', NULL, '2026-02-04 08:24:31'),
(362, 1, 'login', 'Inicio de sesión', NULL, '2026-02-04 19:42:19'),
(363, 1, 'logout', 'Cierre de sesión', NULL, '2026-02-04 19:54:10'),
(364, 1, 'login', 'Inicio de sesión', NULL, '2026-02-04 19:54:18'),
(365, 1, 'logout', 'Cierre de sesión', NULL, '2026-02-04 20:13:59'),
(366, 1, 'login', 'Inicio de sesión', NULL, '2026-02-04 20:24:11'),
(367, 1, 'evento_archivar', 'Archivó evento ID 20', NULL, '2026-02-04 20:30:12'),
(368, 1, 'logout', 'Cierre de sesión', NULL, '2026-02-04 20:36:56'),
(369, 1, 'login', 'Inicio de sesión', NULL, '2026-02-04 20:37:00'),
(370, 1, 'logout', 'Cierre de sesión', NULL, '2026-02-04 21:07:26'),
(371, 1, 'login', 'Inicio de sesión', NULL, '2026-02-04 21:07:31'),
(372, 1, 'evento_archivar', 'Archivó evento ID 18', NULL, '2026-02-04 21:07:41'),
(373, 1, 'login', 'Inicio de sesión', NULL, '2026-02-05 08:00:12');

-- --------------------------------------------------------

--
-- Estructura de tabla para la tabla `usuarios`
--

DROP TABLE IF EXISTS `usuarios`;
CREATE TABLE IF NOT EXISTS `usuarios` (
  `id_usuario` int NOT NULL AUTO_INCREMENT,
  `nombre` varchar(50) COLLATE utf8mb4_general_ci NOT NULL,
  `apellido` varchar(50) COLLATE utf8mb4_general_ci NOT NULL,
  `password` varchar(255) COLLATE utf8mb4_general_ci NOT NULL,
  `rol` enum('empleado','admin') COLLATE utf8mb4_general_ci NOT NULL DEFAULT 'empleado',
  `activo` tinyint(1) NOT NULL DEFAULT '1',
  `fecha_registro` datetime NOT NULL DEFAULT CURRENT_TIMESTAMP,
  PRIMARY KEY (`id_usuario`)
) ENGINE=InnoDB AUTO_INCREMENT=10 DEFAULT CHARSET=utf8mb4 COLLATE=utf8mb4_general_ci;

--
-- Volcado de datos para la tabla `usuarios`
--

INSERT INTO `usuarios` (`id_usuario`, `nombre`, `apellido`, `password`, `rol`, `activo`, `fecha_registro`) VALUES
(1, 'admin', '', '$2y$10$YIQEFK0wHwo6rCZF1y1FTOILuUISv4hlrfm/mo6MoyxIrc/gc2lfG', 'admin', 1, '2025-11-12 09:14:11'),
(7, 'prueba', 'prueba', '$2y$10$YrsZ/QYv4xmW2wPpefDmHOF4L0uAp1RKtWKwbxhDUtkecGD1w4Xia', 'empleado', 1, '2026-01-26 12:13:27'),
(8, 'jesus', 'silva', '$2y$10$YbrfL9dMOQgSf5J6KfOjh.IhjwkvalvLkEgFqrI16JVZEUYMttigO', 'empleado', 1, '2026-02-02 08:37:27'),
(9, 'joseju', 'silva', '$2y$10$fczR4EnZUbs7owPtM1IVA.jA36DMdGVHml3h6b/1.OHue3VXUlnki', 'empleado', 0, '2026-02-02 08:47:09');

-- --------------------------------------------------------

--
-- Estructura de tabla para la tabla `ventas`
--

DROP TABLE IF EXISTS `ventas`;
CREATE TABLE IF NOT EXISTS `ventas` (
  `id_venta` int NOT NULL AUTO_INCREMENT,
  `id_usuario` int NOT NULL COMMENT 'Quién realizó la venta',
  `fecha_venta` datetime NOT NULL DEFAULT CURRENT_TIMESTAMP,
  `total` decimal(10,2) NOT NULL,
  `pagado` tinyint(1) NOT NULL DEFAULT '0',
  `metodo_pago` varchar(50) COLLATE utf8mb4_general_ci DEFAULT NULL,
  PRIMARY KEY (`id_venta`),
  KEY `id_usuario_idx` (`id_usuario`)
) ENGINE=InnoDB DEFAULT CHARSET=utf8mb4 COLLATE=utf8mb4_general_ci;

--
-- Restricciones para tablas volcadas
--

--
-- Filtros para la tabla `boletos`
--
ALTER TABLE `boletos`
  ADD CONSTRAINT `boletos_ibfk_1` FOREIGN KEY (`id_evento`) REFERENCES `evento` (`id_evento`),
  ADD CONSTRAINT `boletos_ibfk_2` FOREIGN KEY (`id_asiento`) REFERENCES `asientos` (`id_asiento`),
  ADD CONSTRAINT `boletos_ibfk_3` FOREIGN KEY (`id_categoria`) REFERENCES `categorias` (`id_categoria`) ON DELETE SET NULL,
  ADD CONSTRAINT `boletos_ibfk_4` FOREIGN KEY (`id_promocion`) REFERENCES `promociones` (`id_promocion`) ON DELETE SET NULL,
  ADD CONSTRAINT `fk_boletos_funcion` FOREIGN KEY (`id_funcion`) REFERENCES `funciones` (`id_funcion`) ON DELETE SET NULL ON UPDATE CASCADE;

--
-- Filtros para la tabla `categorias`
--
ALTER TABLE `categorias`
  ADD CONSTRAINT `fk_categoria_evento` FOREIGN KEY (`id_evento`) REFERENCES `evento` (`id_evento`) ON DELETE SET NULL ON UPDATE CASCADE;

--
-- Filtros para la tabla `funciones`
--
ALTER TABLE `funciones`
  ADD CONSTRAINT `fk_funciones_evento` FOREIGN KEY (`id_evento`) REFERENCES `evento` (`id_evento`) ON DELETE CASCADE ON UPDATE CASCADE;

--
-- Filtros para la tabla `promociones`
--
ALTER TABLE `promociones`
  ADD CONSTRAINT `promociones_ibfk_1` FOREIGN KEY (`id_evento`) REFERENCES `evento` (`id_evento`) ON DELETE CASCADE,
  ADD CONSTRAINT `promociones_ibfk_2` FOREIGN KEY (`id_categoria`) REFERENCES `categorias` (`id_categoria`) ON DELETE SET NULL;

--
-- Filtros para la tabla `transacciones`
--
ALTER TABLE `transacciones`
  ADD CONSTRAINT `fk_transacciones_usuarios` FOREIGN KEY (`id_usuario`) REFERENCES `usuarios` (`id_usuario`);

--
-- Filtros para la tabla `ventas`
--
ALTER TABLE `ventas`
  ADD CONSTRAINT `fk_venta_usuario` FOREIGN KEY (`id_usuario`) REFERENCES `usuarios` (`id_usuario`);
COMMIT;

/*!40101 SET CHARACTER_SET_CLIENT=@OLD_CHARACTER_SET_CLIENT */;
/*!40101 SET CHARACTER_SET_RESULTS=@OLD_CHARACTER_SET_RESULTS */;
/*!40101 SET COLLATION_CONNECTION=@OLD_COLLATION_CONNECTION */;
